#VRML V2.0 utf8
# 3D model generated by easyeda2kicad.py (https://github.com/uPesy/easyeda2kicad.py)

Shape{
    appearance Appearance {
        material  Material 	{
            diffuseColor 0.7529411764705882 0.7529411764705882 0.7529411764705882
            specularColor 0.3764705882352941 0.3764705882352941 0.3764705882352941
            ambientIntensity 0.7529
            transparency 0.0
            shininess 0.5
        }
    }
    geometry IndexedFaceSet {
        ccw TRUE
        solid FALSE
        coord DEF co Coordinate {
            point [
                -1.6929 -0.3937 1.2992, -1.6929 0.2756 1.2992, -1.7913 -0.3937 1.2992, -1.7913 0.2756 1.2992, -1.6929 -0.3937 1.0039, -1.7913 -0.3937 1.0039, -1.6929 -0.395 0.9937, -1.7913 -0.395 0.9937, -1.6929 -0.399 0.9843, -1.7913 -0.399 0.9843, -1.6929 -0.4052 0.9761, -1.7913 -0.4052 0.9761, -1.6929 -0.4134 0.9698, -1.7913 -0.4134 0.9698, -1.6929 -0.4229 0.9659, -1.7913 -0.4229 0.9659, -1.6929 -0.4331 0.9646, -1.7913 -0.4331 0.9646, -1.6929 -0.7087 0.9646, -1.7913 -0.7087 0.9646, -1.6929 -0.7087 0.4714, -1.7913 -0.7087 0.4714, -1.6929 0.7087 0.4714, -1.7913 0.7087 0.4714, -1.6929 0.7087 0.9646, -1.7913 0.7087 0.9646, -1.6929 0.315 0.9646, -1.7913 0.315 0.9646, -1.6929 0.3048 0.9659, -1.7913 0.3048 0.9659, -1.6929 0.2953 0.9698, -1.7913 0.2953 0.9698, -1.6929 0.2871 0.9761, -1.7913 0.2871 0.9761, -1.6929 0.2809 0.9843, -1.7913 0.2809 0.9843, -1.6929 0.2769 0.9937, -1.7913 0.2769 0.9937, -1.6929 0.2756 1.0039, -1.7913 0.2756 1.0039, 1.6929 0.2756 1.2992, 1.6929 -0.3937 1.2992, 1.7913 0.2756 1.2992, 1.7913 -0.3937 1.2992, 1.6929 -0.3937 1.0039, 1.7913 -0.3937 1.0039, 1.6929 -0.4331 0.9646, 1.7913 -0.4331 0.9646, 1.6929 -0.4229 0.9659, 1.7913 -0.4229 0.9659, 1.6929 -0.4134 0.9698, 1.7913 -0.4134 0.9698, 1.6929 -0.4052 0.9761, 1.7913 -0.4052 0.9761, 1.6929 -0.399 0.9843, 1.7913 -0.399 0.9843, 1.6929 -0.395 0.9937, 1.7913 -0.395 0.9937, 1.6929 -0.7087 0.9646, 1.7913 -0.7087 0.9646, 1.6929 -0.7087 0.4714, 1.7913 -0.7087 0.4714, 1.6929 0.7087 0.4714, 1.7913 0.7087 0.4714, 1.6929 0.7087 0.9646, 1.7913 0.7087 0.9646, 1.6929 0.315 0.9646, 1.7913 0.315 0.9646, 1.6929 0.2756 1.0039, 1.7913 0.2756 1.0039, 1.6929 0.2769 0.9937, 1.7913 0.2769 0.9937, 1.6929 0.2809 0.9843, 1.7913 0.2809 0.9843, 1.6929 0.2871 0.9761, 1.7913 0.2871 0.9761, 1.6929 0.2953 0.9698, 1.7913 0.2953 0.9698, 1.6929 0.3048 0.9659, 1.7913 0.3048 0.9659, 0.9405 0.6416 1.3976, 0.9405 0.5943 1.3976, 0.9618 0.5943 1.3976, 1.0742 0.5416 1.3976, 1.059 0.5031 1.3976, 1.0779 0.5031 1.3976, 1.0242 0.5032 1.3976, 1.023 0.5031 1.3976, 1.0359 0.5031 1.3976, 0.9836 0.6416 1.3976, 0.9875 0.642 1.3976, 0.9663 0.642 1.3976, 0.9973 0.5881 1.3976, 0.9939 0.5877 1.3976, 1.0115 0.5877 1.3976, 0.7519 0.5477 1.3976, 0.7586 0.5417 1.3976, 0.774 0.5497 1.3976, 0.6504 0.5816 1.3976, 0.6532 0.5877 1.3976, -0.0304 0.5877 1.3976, 0.8783 0.5877 1.3976, 0.9118 0.5877 1.3976, 0.8758 0.5913 1.3976, 0.9118 0.642 1.3976, 0.8655 0.6 1.3976, 0.8155 0.6473 1.3976, 0.8232 0.642 1.3976, 0.8318 0.6362 1.3976, 0.8444 0.6216 1.3976, 0.8523 0.6062 1.3976, 0.8542 0.6056 1.3976, 0.7965 0.6541 1.3976, 0.9118 0.7087 1.3976, 0.7802 0.6559 1.3976, 0.7615 0.6536 1.3976, -0.0304 0.7087 1.3976, 0.744 0.6469 1.3976, 0.7362 0.642 1.3976, -0.0304 0.642 1.3976, 0.7347 0.6411 1.3976, 0.6565 0.5952 1.3976, 0.6656 0.6069 1.3976, 0.6943 0.6233 1.3976, 0.7093 0.6252 1.3976, 0.7258 0.6335 1.3976, 0.7136 0.6249 1.3976, 0.718 0.6244 1.3976, 0.6682 0.6094 1.3976, 0.6802 0.6179 1.3976, -0.0304 0.5497 1.3976, 0.6478 0.5637 1.3976, 0.6479 0.5673 1.3976, 0.6756 0.5122 1.3976, 0.6637 0.5223 1.3976, -0.0304 0.5031 1.3976, 0.655 0.5347 1.3976, 0.6496 0.5488 1.3976, 0.6495 0.5497 1.3976, 0.6893 0.5055 1.3976, 0.6946 0.5031 1.3976, 0.6941 0.5041 1.3976, -0.0304 0.4819 1.3976, 0.7144 0.4819 1.3976, 0.711 0.4834 1.3976, 0.7035 0.489 1.3976, 0.6979 0.4959 1.3976, 0.7087 0.3543 1.3976, 0.9118 0.4819 1.3976, 0.7458 0.4819 1.3976, 0.7393 0.4794 1.3976, 0.7301 0.4783 1.3976, 0.7287 0.4783 1.3976, 0.7197 0.4797 1.3976, -0.0304 0.3543 1.3976, -0.7087 0.3543 1.3976, 0.7657 0.5031 1.3976, 0.7656 0.5029 1.3976, 0.7611 0.4944 1.3976, 0.7553 0.4879 1.3976, 0.7478 0.4827 1.3976, 0.9118 0.5497 1.3976, 0.889 0.5497 1.3976, 0.8882 0.5429 1.3976, 0.8141 0.5255 1.3976, 0.8168 0.5265 1.3976, 0.8212 0.5481 1.3976, 0.8759 0.5204 1.3976, 0.8655 0.5117 1.3976, 0.9118 0.5031 1.3976, 0.8118 0.5238 1.3976, 0.8197 0.5269 1.3976, 0.8201 0.5268 1.3976, 0.8212 0.5266 1.3976, 0.8834 0.5309 1.3976, 0.8079 0.5151 1.3976, 0.808 0.5166 1.3976, 0.7681 0.52 1.3976, 0.8088 0.5195 1.3976, 0.8102 0.5221 1.3976, 0.8587 0.536 1.3976, 0.8628 0.5419 1.3976, 0.8168 0.5037 1.3976, 0.8143 0.5047 1.3976, 0.8118 0.5064 1.3976, 0.8109 0.5073 1.3976, 0.8093 0.5097 1.3976, 0.8083 0.5123 1.3976, 0.7679 0.5122 1.3976, 0.7681 0.5162 1.3976, 0.854 0.506 1.3976, 0.8413 0.5033 1.3976, 0.8189 0.5033 1.3976, 0.822 0.5265 1.3976, 0.8391 0.5265 1.3976, 0.8459 0.5278 1.3976, 0.8526 0.5309 1.3976, 0.8582 0.5355 1.3976, 0.7347 0.5543 1.3976, 0.7439 0.552 1.3976, 0.8333 0.5877 1.3976, 0.7301 0.5546 1.3976, 0.8655 0.5487 1.3976, 0.8656 0.5497 1.3976, 0.8203 0.5497 1.3976, 0.8664 0.5561 1.3976, 0.8662 0.5594 1.3976, 0.7211 0.5534 1.3976, 0.68 0.5877 1.3976, 0.7127 0.5502 1.3976, 0.6761 0.5821 1.3976, 0.6728 0.5736 1.3976, 0.6747 0.5497 1.3976, 0.7119 0.5497 1.3976, 0.6721 0.5585 1.3976, 0.6717 0.5644 1.3976, 0.8565 0.5781 1.3976, 0.8506 0.5822 1.3976, 0.8644 0.5667 1.3976, 0.8609 0.5733 1.3976, 0.8337 0.5857 1.3976, 0.8094 0.5682 1.3976, 0.8368 0.5857 1.3976, 0.844 0.5848 1.3976, 0.7482 0.5497 1.3976, 0.6749 0.5493 1.3976, 0.6986 0.5377 1.3976, 0.7049 0.5448 1.3976, 0.6794 0.5416 1.3976, 0.6862 0.5346 1.3976, 0.6945 0.5295 1.3976, 0.8255 0.6085 1.3976, 0.817 0.6187 1.3976, 0.7297 0.5967 1.3976, 0.816 0.6196 1.3976, 0.8054 0.627 1.3976, 0.7355 0.6087 1.3976, 0.7271 0.5982 1.3976, 0.8314 0.5963 1.3976, 0.7186 0.6013 1.3976, 0.7096 0.6024 1.3976, 0.7056 0.6022 1.3976, 0.7441 0.6189 1.3976, 0.7935 0.6315 1.3976, 0.7542 0.6263 1.3976, 0.7806 0.6331 1.3976, 0.7666 0.6313 1.3976, 0.6963 0.5999 1.3976, 0.6878 0.5954 1.3976, 0.6813 0.5897 1.3976, 0.8835 0.5805 1.3976, 0.8882 0.5689 1.3976, 0.8899 0.5565 1.3976, 1.1609 0.5433 1.3976, 1.1628 0.5382 1.3976, 1.1843 0.5497 1.3976, 1.1576 0.548 1.3976, 1.2071 0.5035 1.3976, 1.1152 0.5031 1.3976, 1.2147 0.5035 1.3976, 1.437 0.5031 1.3976, 1.1971 0.5497 1.3976, 1.437 0.5497 1.3976, 1.1944 0.5569 1.3976, 1.1439 0.5046 1.3976, 1.1349 0.5035 1.3976, 1.1667 0.5035 1.3976, 1.1743 0.5035 1.3976, 1.1794 0.5181 1.3976, 1.2016 0.5181 1.3976, 1.1592 0.5151 1.3976, 1.1557 0.511 1.3976, 1.15 0.507 1.3976, 1.1637 0.5309 1.3976, 1.1635 0.5266 1.3976, 1.162 0.5205 1.3976, 1.1202 0.5035 1.3976, 1.1202 0.5497 1.3976, 1.1152 0.5497 1.3976, 1.1202 0.5569 1.3976, 1.1152 0.5877 1.3976, 1.1355 0.5569 1.3976, 1.1436 0.556 1.3976, 1.437 0.5877 1.3976, 1.187 0.5569 1.3976, 1.1501 0.5536 1.3976, 1.1557 0.5498 1.3976, 1.1558 0.5497 1.3976, 0.9405 0.5497 1.3976, 0.9405 0.5337 1.3976, 0.9631 0.5497 1.3976, 0.9596 0.5337 1.3976, 0.9405 0.5276 1.3976, 0.9405 0.5096 1.3976, 0.9596 0.5276 1.3976, 0.9623 0.5096 1.3976, 0.9631 0.5031 1.3976, 0.9623 0.5035 1.3976, 0.9336 0.5035 1.3976, 0.9336 0.5569 1.3976, 0.9336 0.5497 1.3976, 0.9405 0.5508 1.3976, 0.9611 0.5508 1.3976, 0.9611 0.5569 1.3976, 0.9631 0.5877 1.3976, 1.1348 0.6028 1.3976, 1.1152 0.6028 1.3976, 1.1402 0.5882 1.3976, 1.1479 0.5882 1.3976, 1.1275 0.6416 1.3976, 1.437 0.642 1.3976, 1.1152 0.642 1.3976, 1.1126 0.6028 1.3976, 1.1074 0.5882 1.3976, 1.0983 0.5877 1.3976, 1.0998 0.5882 1.3976, 1.0983 0.642 1.3976, 1.1152 0.6286 1.3976, 1.1202 0.6416 1.3976, 1.0359 0.6122 1.3976, 1.0215 0.6122 1.3976, 1.0359 0.5943 1.3976, 1.0215 0.5943 1.3976, 1.0484 0.642 1.3976, 1.0359 0.642 1.3976, 1.0421 0.6416 1.3976, 1.0359 0.6416 1.3976, 1.0421 0.6354 1.3976, 1.0433 0.5943 1.3976, 1.0484 0.5877 1.3976, 1.0433 0.5882 1.3976, 1.0359 0.5877 1.3976, 1.0406 0.6122 1.3976, 1.0406 0.6184 1.3976, 1.0359 0.6184 1.3976, 1.0359 0.6354 1.3976, 1.0215 0.6354 1.3976, 1.0215 0.6184 1.3976, 1.0146 0.6416 1.3976, 1.0115 0.642 1.3976, 1.0146 0.5882 1.3976, 1.0039 0.6403 1.3976, 0.9991 0.6418 1.3976, 0.9966 0.642 1.3976, 1.0359 0.5882 1.3976, 1.0039 0.6331 1.3976, 0.9901 0.5934 1.3976, 0.9933 0.5936 1.3976, 1.003 0.59 1.3976, 0.9993 0.5948 1.3976, 1.0039 0.597 1.3976, 1.0039 0.5904 1.3976, 0.997 0.6357 1.3976, 0.9913 0.6363 1.3976, 0.9768 0.6303 1.3976, 0.9764 0.6299 1.3976, 0.9738 0.6262 1.3976, 0.972 0.6215 1.3976, 1.0026 0.6338 1.3976, 0.9892 0.6362 1.3976, 0.9846 0.6353 1.3976, 0.9804 0.6333 1.3976, 0.9712 0.6143 1.3976, 0.9712 0.6124 1.3976, 0.9721 0.607 1.3976, 0.9777 0.5978 1.3976, 0.9812 0.5954 1.3976, 0.9851 0.594 1.3976, 0.9738 0.6027 1.3976, 0.9764 0.5991 1.3976, 0.9663 0.7087 1.3976, 0.9913 0.6425 1.3976, 1.0115 0.7087 1.3976, 0.9923 0.6425 1.3976, 0.978 0.6394 1.3976, 0.9683 0.6303 1.3976, 0.9717 0.6346 1.3976, 0.9729 0.6358 1.3976, 0.9631 0.642 1.3976, 0.9655 0.6245 1.3976, 0.9663 0.6262 1.3976, 0.9663 0.6018 1.3976, 0.965 0.6053 1.3976, 0.964 0.6139 1.3976, 0.9641 0.6178 1.3976, 0.9797 0.5888 1.3976, 0.9747 0.5913 1.3976, 0.9663 0.5877 1.3976, 0.9708 0.5946 1.3976, 0.9703 0.5951 1.3976, 0.9672 0.5997 1.3976, 0.9843 0.5877 1.3976, 0.9663 0.5497 1.3976, 0.9854 0.5875 1.3976, 0.9891 0.5873 1.3976, 1.0115 0.5497 1.3976, 1.4383 -0.4229 1.3976, 1.4423 -0.4134 1.3976, 1.1152 0.4819 1.3976, 1.437 0.4819 1.3976, 1.437 0.315 1.3976, 1.4383 0.3048 1.3976, 1.1152 -0.7087 1.3976, 1.437 -0.7087 1.3976, 1.437 -0.4331 1.3976, 1.4485 -0.4052 1.3976, 1.4567 0.2809 1.3976, 1.4485 0.2871 1.3976, 1.4423 0.2953 1.3976, 1.4764 -0.3937 1.3976, 1.6749 -0.3937 1.3976, 1.6749 0.2756 1.3976, 1.4567 -0.399 1.3976, 1.4662 -0.395 1.3976, 1.4662 0.2769 1.3976, 1.4764 0.2756 1.3976, -1.4423 -0.4134 1.3976, -1.4383 -0.4229 1.3976, -0.7087 -0.3543 1.3976, -1.437 -0.4331 1.3976, -1.437 -0.7087 1.3976, -0.0304 -0.3543 1.3976, -0.0304 -0.7087 1.3976, 0.7087 -0.3543 1.3976, 0.9118 -0.7087 1.3976, -1.4383 0.3048 1.3976, -1.4423 0.2953 1.3976, -1.4485 0.2871 1.3976, -1.4567 0.2809 1.3976, -1.4567 -0.399 1.3976, -1.4662 0.2769 1.3976, -1.4485 -0.4052 1.3976, -1.6749 0.2756 1.3976, -1.6749 -0.3937 1.3976, -1.4764 0.2756 1.3976, -1.4764 -0.3937 1.3976, -1.4662 -0.395 1.3976, -1.437 0.7087 1.3976, -1.437 0.642 1.3976, -1.437 0.5877 1.3976, -1.437 0.5497 1.3976, -1.437 0.5031 1.3976, -1.437 0.4819 1.3976, -1.437 0.315 1.3976, 1.0779 0.642 1.3976, 1.0779 0.6403 1.3976, 1.0832 0.6383 1.3976, 1.0952 0.6052 1.3976, 1.0924 0.5998 1.3976, 1.0888 0.6345 1.3976, 1.0907 0.6326 1.3976, 1.094 0.628 1.3976, 1.0779 0.5896 1.3976, 1.0779 0.5877 1.3976, 1.0832 0.5916 1.3976, 1.0888 0.5957 1.3976, 1.096 0.6229 1.3976, 1.0969 0.6156 1.3976, 1.0966 0.6113 1.3976, 1.0686 0.6416 1.3976, 1.0768 0.6407 1.3976, 1.0771 0.5893 1.3976, 1.0681 0.5882 1.3976, 1.0534 0.5882 1.3976, 1.0534 0.6416 1.3976, 0.987 0.504 1.3976, 0.9845 0.5031 1.3976, 0.9927 0.5035 1.3976, 0.9714 0.5216 1.3976, 0.9725 0.5325 1.3976, 0.9699 0.5194 1.3976, 0.9691 0.517 1.3976, 0.9893 0.5055 1.3976, 0.9768 0.5031 1.3976, 0.9743 0.504 1.3976, 0.9663 0.5031 1.3976, 0.9734 0.5234 1.3976, 0.9762 0.5249 1.3976, 0.9768 0.5352 1.3976, 0.9814 0.5262 1.3976, 0.9872 0.5368 1.3976, 0.985 0.5371 1.3976, 0.9809 0.5367 1.3976, 0.972 0.5056 1.3976, 0.9713 0.5064 1.3976, 0.9699 0.5084 1.3976, 0.9927 0.5094 1.3976, 0.9925 0.5094 1.3976, 0.9915 0.5078 1.3976, 0.9687 0.5137 1.3976, 0.9691 0.5107 1.3976, 0.9747 0.5402 1.3976, 0.9798 0.5419 1.3976, 1.0104 0.5253 1.3976, 1.0095 0.5267 1.3976, 0.9994 0.528 1.3976, 1.0088 0.5288 1.3976, 0.9988 0.5334 1.3976, 1.0085 0.5314 1.3976, 1.0087 0.5337 1.3976, 0.9725 0.539 1.3976, 0.9923 0.5414 1.3976, 0.9945 0.5401 1.3976, 1.0095 0.5359 1.3976, 0.9963 0.5384 1.3976, 0.9977 0.5363 1.3976, 0.9927 0.5277 1.3976, 0.9924 0.5307 1.3976, 0.9918 0.5331 1.3976, 0.991 0.5345 1.3976, 1.0115 0.5242 1.3976, 1.0084 0.5118 1.3976, 1.0115 0.5241 1.3976, 1.0108 0.5103 1.3976, 1.0115 0.51 1.3976, 0.9856 0.5425 1.3976, 0.9894 0.5422 1.3976, 0.99 0.5355 1.3976, 0.9888 0.5363 1.3976, 0.9843 0.503 1.3976, 1.0115 0.4819 1.3976, 0.9663 0.4819 1.3976, 0.9808 0.5026 1.3976, 0.9769 0.5031 1.3976, 1.0084 0.5049 1.3976, 0.9994 0.5035 1.3976, 1.0115 0.5037 1.3976, 1.0115 0.5031 1.3976, 1.0129 0.5033 1.3976, 1.0146 0.5031 1.3976, 1.0188 0.5026 1.3976, 1.0359 0.4819 1.3976, 1.0359 0.5497 1.3976, 1.0323 0.5408 1.3976, 1.0323 0.5343 1.3976, 1.0319 0.5202 1.3976, 1.0332 0.5183 1.3976, 1.0128 0.5395 1.3976, 1.0146 0.5406 1.3976, 1.033 0.5091 1.3976, 1.0318 0.5073 1.3976, 1.0108 0.5377 1.3976, 1.0115 0.5384 1.3976, 1.0339 0.5164 1.3976, 1.0342 0.5139 1.3976, 1.0339 0.5112 1.3976, 1.0182 0.5419 1.3976, 1.0233 0.5425 1.3976, 1.0276 0.5422 1.3976, 1.0299 0.5056 1.3976, 1.0279 0.5045 1.3976, 1.0227 0.5371 1.3976, 1.0207 0.5369 1.3976, 1.0154 0.532 1.3976, 1.0189 0.5365 1.3976, 1.0174 0.5357 1.3976, 1.0154 0.5311 1.3976, 1.0157 0.53 1.3976, 1.0162 0.5291 1.3976, 1.0168 0.5284 1.3976, 1.0192 0.5269 1.3976, 1.0273 0.5365 1.3976, 1.0233 0.5251 1.3976, 1.0311 0.5351 1.3976, 1.0259 0.5241 1.3976, 1.0303 0.5216 1.3976, 1.0164 0.5348 1.3976, 1.0158 0.5339 1.3976, 1.0155 0.533 1.3976, 1.0149 0.5086 1.3976, 1.0186 0.5203 1.3976, 1.0146 0.5221 1.3976, 1.0194 0.5081 1.3976, 1.0197 0.5081 1.3976, 1.023 0.5184 1.3976, 1.0231 0.5085 1.3976, 1.0273 0.5132 1.3976, 1.0272 0.5141 1.3976, 1.0249 0.5091 1.3976, 1.0255 0.5095 1.3976, 1.0262 0.5101 1.3976, 1.0268 0.511 1.3976, 1.0272 0.512 1.3976, 1.0269 0.5151 1.3976, 1.0264 0.516 1.3976, 1.0256 0.5169 1.3976, 1.0551 0.513 1.3976, 1.0559 0.5098 1.3976, 1.0561 0.5098 1.3976, 1.0779 0.5497 1.3976, 1.0484 0.5497 1.3976, 1.0673 0.5416 1.3976, 1.0484 0.5324 1.3976, 1.0569 0.5129 1.3976, 1.0564 0.5112 1.3976, 1.0484 0.5144 1.3976, 1.0377 0.5416 1.3976, 1.0451 0.5416 1.3976, 1.0524 0.5031 1.3976, 1.0526 0.5036 1.3976, 1.0484 0.4943 1.3976, 1.0484 0.4943 1.3976, 1.0484 0.5031 1.3976, 1.0497 0.4967 1.3976, 1.039 0.4921 1.3976, 1.039 0.4861 1.3976, 1.0404 0.4916 1.3976, 1.0428 0.4913 1.3976, 1.0444 0.4915 1.3976, 1.0484 0.4868 1.3976, 1.046 0.4859 1.3976, 1.0484 0.4819 1.3976, 1.0433 0.4856 1.3976, 1.0419 0.4856 1.3976, 1.0459 0.492 1.3976, 1.0471 0.4929 1.3976, 1.0569 0.4978 1.3976, 1.0539 0.4919 1.3976, 1.0779 0.4819 1.3976, 1.0515 0.4889 1.3976, 1.051 0.4885 1.3976, 1.0487 0.4869 1.3976, 1.0883 0.5276 1.3976, 1.0883 0.5096 1.3976, 1.0983 0.5096 1.3976, 1.1102 0.5096 1.3976, 1.1102 0.5035 1.3976, 1.0983 0.5031 1.3976, 1.1074 0.5276 1.3976, 1.0983 0.5276 1.3976, 1.0883 0.5497 1.3976, 1.0883 0.5337 1.3976, 1.0983 0.5337 1.3976, 1.0883 0.5508 1.3976, 1.0983 0.5497 1.3976, 1.1074 0.5337 1.3976, 1.0815 0.5035 1.3976, 1.0815 0.5497 1.3976, 1.0815 0.5569 1.3976, 1.0983 0.5035 1.3976, 1.0359 0.7087 1.3976, 1.0484 0.7087 1.3976, 1.0779 0.7087 1.3976, 1.0983 0.7087 1.3976, 1.1152 0.7087 1.3976, 1.437 0.7087 1.3976, 0.9631 0.7087 1.3976, 0.9336 0.5882 1.3976, 0.9336 0.6416 1.3976, 0.9618 0.5882 1.3976, 1.0983 0.5569 1.3976, 1.1089 0.5569 1.3976, 1.1089 0.5508 1.3976, 1.0983 0.5508 1.3976, 1.0983 0.4819 1.3976, 0.9631 0.4819 1.3976, 0.9631 -0.7087 1.3976, 0.9663 -0.7087 1.3976, 1.0115 -0.7087 1.3976, 1.0359 -0.7087 1.3976, 1.0484 -0.7087 1.3976, 1.0779 -0.7087 1.3976, 1.0983 -0.7087 1.3976, 1.437 0.7087 1.2992, -1.437 0.7087 1.2992, -1.437 0.315 1.2992, -1.4383 0.3048 1.2992, -1.4423 0.2953 1.2992, -1.4485 0.2871 1.2992, -1.4567 0.2809 1.2992, -1.4662 0.2769 1.2992, -1.4764 0.2756 1.2992, -1.7836 0.2756 1.3257, -1.77 0.2756 1.3496, -1.7511 0.2756 1.3697, -1.7023 0.2756 1.3944, -1.7281 0.2756 1.3849, -1.4764 -0.3937 1.2992, -1.7281 -0.3937 1.3849, -1.7511 -0.3937 1.3697, -1.7023 -0.3937 1.3944, -1.77 -0.3937 1.3496, -1.7836 -0.3937 1.3257, -1.4662 -0.395 1.2992, -1.4567 -0.399 1.2992, -1.4485 -0.4052 1.2992, -1.4423 -0.4134 1.2992, -1.4383 -0.4229 1.2992, -1.437 -0.4331 1.2992, -1.437 -0.7087 1.2992, 1.437 -0.7087 1.2992, 1.437 -0.4331 1.2992, 1.4383 -0.4229 1.2992, 1.4423 -0.4134 1.2992, 1.4485 -0.4052 1.2992, 1.4567 -0.399 1.2992, 1.4662 -0.395 1.2992, 1.4764 -0.3937 1.2992, 1.7836 -0.3937 1.3257, 1.77 -0.3937 1.3496, 1.7023 -0.3937 1.3944, 1.7511 -0.3937 1.3697, 1.7281 -0.3937 1.3849, 1.4764 0.2756 1.2992, 1.7281 0.2756 1.3849, 1.7511 0.2756 1.3697, 1.7023 0.2756 1.3944, 1.77 0.2756 1.3496, 1.7836 0.2756 1.3257, 1.4662 0.2769 1.2992, 1.4567 0.2809 1.2992, 1.4485 0.2871 1.2992, 1.4423 0.2953 1.2992, 1.4383 0.3048 1.2992, 1.437 0.315 1.2992, -0.7087 0.3543 1.2992, -0.7087 -0.3543 1.2992, 0.7087 0.3543 1.2992, 0.7087 -0.3543 1.2992
            ]
        }
        coordIndex [
            0,1,2,-1,2,1,3,-1,4,0,5,-1,5,0,2,-1,4,5,6,-1,6,5,7,-1,6,7,8,-1,8,7,9,-1,8,9,10,-1,10,9,11,-1,10,11,12,-1,12,11,13,-1,12,13,14,-1,14,13,15,-1,14,15,16,-1,16,15,17,-1,18,16,19,-1,19,16,17,-1,20,18,21,-1,21,18,19,-1,22,20,23,-1,23,20,21,-1,24,22,25,-1,25,22,23,-1,26,24,27,-1,27,24,25,-1,26,27,28,-1,28,27,29,-1,28,29,30,-1,30,29,31,-1,30,31,32,-1,32,31,33,-1,32,33,34,-1,34,33,35,-1,34,35,36,-1,36,35,37,-1,36,37,38,-1,38,37,39,-1,1,38,3,-1,3,38,39,-1,16,18,20,-1,32,20,30,-1,30,20,28,-1,8,10,36,-1,36,10,12,-1,36,12,14,-1,28,20,26,-1,26,20,22,-1,26,22,24,-1,14,16,36,-1,36,16,20,-1,36,20,34,-1,34,20,32,-1,1,0,38,-1,38,0,4,-1,38,4,36,-1,36,4,6,-1,36,6,8,-1,13,11,37,-1,37,11,9,-1,21,19,17,-1,5,2,3,-1,33,21,35,-1,35,21,17,-1,35,17,37,-1,37,17,15,-1,37,15,13,-1,33,31,21,-1,21,31,29,-1,21,29,23,-1,23,29,27,-1,23,27,25,-1,9,7,37,-1,37,7,5,-1,37,5,39,-1,39,5,3,-1,40,41,42,-1,42,41,43,-1,41,44,43,-1,43,44,45,-1,46,47,48,-1,48,47,49,-1,48,49,50,-1,50,49,51,-1,50,51,52,-1,52,51,53,-1,52,53,54,-1,54,53,55,-1,54,55,56,-1,56,55,57,-1,56,57,44,-1,44,57,45,-1,46,58,47,-1,47,58,59,-1,58,60,59,-1,59,60,61,-1,60,62,61,-1,61,62,63,-1,62,64,63,-1,63,64,65,-1,64,66,65,-1,65,66,67,-1,68,69,70,-1,70,69,71,-1,70,71,72,-1,72,71,73,-1,72,73,74,-1,74,73,75,-1,74,75,76,-1,76,75,77,-1,76,77,78,-1,78,77,79,-1,78,79,66,-1,66,79,67,-1,68,40,69,-1,69,40,42,-1,50,52,70,-1,70,52,54,-1,60,58,46,-1,74,60,72,-1,72,60,46,-1,72,46,70,-1,70,46,48,-1,70,48,50,-1,74,76,60,-1,60,76,78,-1,60,78,62,-1,62,78,66,-1,62,66,64,-1,44,41,40,-1,54,56,70,-1,70,56,44,-1,70,44,68,-1,68,44,40,-1,47,59,61,-1,75,61,77,-1,77,61,79,-1,55,53,71,-1,71,53,51,-1,71,51,49,-1,79,61,67,-1,67,61,63,-1,67,63,65,-1,49,47,71,-1,71,47,61,-1,71,61,73,-1,73,61,75,-1,42,43,69,-1,69,43,45,-1,69,45,71,-1,71,45,57,-1,71,57,55,-1,80,81,82,-1,83,84,85,-1,86,87,88,-1,89,90,91,-1,92,93,94,-1,95,96,97,-1,98,99,100,-1,101,102,103,-1,103,102,104,-1,103,104,105,-1,106,107,104,-1,104,107,108,-1,104,108,109,-1,109,110,104,-1,104,110,111,-1,104,111,105,-1,112,106,113,-1,112,113,114,-1,114,113,115,-1,115,113,116,-1,115,116,117,-1,117,116,118,-1,118,116,119,-1,118,119,120,-1,100,99,119,-1,119,99,121,-1,119,121,122,-1,119,123,120,-1,120,123,124,-1,120,124,125,-1,125,124,126,-1,125,126,127,-1,122,128,119,-1,119,128,129,-1,119,129,123,-1,130,131,100,-1,100,131,132,-1,100,132,98,-1,133,134,135,-1,134,136,135,-1,135,136,137,-1,135,137,130,-1,130,137,138,-1,130,138,131,-1,133,135,139,-1,139,135,140,-1,139,140,141,-1,142,143,135,-1,135,143,144,-1,144,145,135,-1,135,145,146,-1,135,146,140,-1,147,148,149,-1,149,150,147,-1,147,150,151,-1,147,151,152,-1,152,153,147,-1,147,153,143,-1,147,143,154,-1,154,143,142,-1,154,142,155,-1,156,157,148,-1,148,157,158,-1,158,159,148,-1,148,159,160,-1,148,160,149,-1,161,162,163,-1,164,165,166,-1,167,168,169,-1,164,166,170,-1,165,171,166,-1,166,171,172,-1,166,172,173,-1,161,163,169,-1,169,163,174,-1,169,174,167,-1,175,176,177,-1,177,176,178,-1,177,178,166,-1,166,178,179,-1,166,179,170,-1,166,180,181,-1,182,183,156,-1,156,183,184,-1,156,184,185,-1,185,186,156,-1,156,186,187,-1,156,187,188,-1,188,187,175,-1,188,175,189,-1,189,175,177,-1,168,190,169,-1,169,190,191,-1,169,191,156,-1,156,191,192,-1,156,192,182,-1,173,193,166,-1,166,193,194,-1,166,194,195,-1,195,196,166,-1,166,196,197,-1,166,197,180,-1,198,199,200,-1,198,200,201,-1,181,202,166,-1,166,202,203,-1,166,203,204,-1,204,203,205,-1,204,205,206,-1,207,208,209,-1,209,208,210,-1,209,210,211,-1,212,213,214,-1,214,213,209,-1,214,209,215,-1,215,209,211,-1,204,216,217,-1,206,218,204,-1,204,218,219,-1,204,219,216,-1,220,221,222,-1,222,221,204,-1,222,204,223,-1,223,204,217,-1,220,200,221,-1,221,200,199,-1,221,199,97,-1,97,199,224,-1,97,224,95,-1,225,226,212,-1,212,226,227,-1,212,227,213,-1,225,228,226,-1,226,228,229,-1,226,229,230,-1,231,232,233,-1,232,234,233,-1,233,234,235,-1,233,235,236,-1,208,233,237,-1,207,201,208,-1,208,201,200,-1,208,200,233,-1,233,200,238,-1,233,238,231,-1,237,239,208,-1,208,239,240,-1,208,240,241,-1,236,235,242,-1,242,235,243,-1,242,243,244,-1,244,243,245,-1,244,245,246,-1,247,248,241,-1,241,248,249,-1,241,249,208,-1,101,250,102,-1,102,250,251,-1,102,251,161,-1,161,251,252,-1,161,252,162,-1,253,254,255,-1,253,255,256,-1,257,258,259,-1,259,258,260,-1,259,260,261,-1,261,260,262,-1,261,262,263,-1,264,265,266,-1,266,265,258,-1,266,258,267,-1,267,258,257,-1,267,257,268,-1,268,257,269,-1,270,271,266,-1,266,271,272,-1,266,272,264,-1,254,273,255,-1,255,273,274,-1,255,274,266,-1,266,274,275,-1,266,275,270,-1,276,277,278,-1,278,277,279,-1,278,279,280,-1,280,279,281,-1,280,281,282,-1,262,283,263,-1,263,283,280,-1,263,280,284,-1,284,280,282,-1,282,285,284,-1,284,285,286,-1,284,286,255,-1,255,286,287,-1,255,287,256,-1,288,289,290,-1,290,289,291,-1,292,293,294,-1,294,293,295,-1,291,294,290,-1,290,294,295,-1,290,295,296,-1,296,295,297,-1,296,297,298,-1,299,102,300,-1,300,102,161,-1,300,161,298,-1,298,161,169,-1,298,169,296,-1,301,288,302,-1,302,288,290,-1,302,290,303,-1,303,290,304,-1,303,304,299,-1,305,306,307,-1,307,306,280,-1,307,280,308,-1,308,280,283,-1,308,283,309,-1,309,283,310,-1,309,310,311,-1,306,312,280,-1,280,312,313,-1,280,313,314,-1,314,313,315,-1,314,315,316,-1,316,315,317,-1,316,317,311,-1,311,317,318,-1,311,318,309,-1,319,320,321,-1,321,320,322,-1,323,324,325,-1,325,324,326,-1,325,327,323,-1,323,327,328,-1,323,328,329,-1,329,328,330,-1,329,330,331,-1,319,321,332,-1,332,321,328,-1,332,328,333,-1,333,328,327,-1,333,327,334,-1,327,335,334,-1,334,335,336,-1,334,336,337,-1,326,324,338,-1,338,324,339,-1,338,339,340,-1,341,339,342,-1,342,339,343,-1,330,344,331,-1,331,344,340,-1,331,340,94,-1,94,340,339,-1,94,339,345,-1,345,339,341,-1,346,347,345,-1,92,94,348,-1,347,349,345,-1,345,349,350,-1,345,350,94,-1,94,350,351,-1,94,351,348,-1,352,353,354,-1,355,356,345,-1,345,356,357,-1,355,345,354,-1,354,345,358,-1,354,358,352,-1,353,359,354,-1,354,359,360,-1,354,360,361,-1,357,362,345,-1,345,362,363,-1,345,363,364,-1,365,366,345,-1,345,366,367,-1,345,367,346,-1,364,368,345,-1,345,368,369,-1,345,369,365,-1,370,371,372,-1,372,371,373,-1,372,373,343,-1,89,91,374,-1,375,376,91,-1,91,376,377,-1,91,377,374,-1,378,379,91,-1,91,379,380,-1,91,380,375,-1,381,382,304,-1,304,382,383,-1,304,383,378,-1,378,383,384,-1,378,384,379,-1,385,386,387,-1,386,388,387,-1,387,388,389,-1,387,389,390,-1,385,387,391,-1,391,387,392,-1,391,392,393,-1,393,392,394,-1,394,392,395,-1,394,395,93,-1,396,397,398,-1,399,398,400,-1,400,398,401,-1,402,403,404,-1,405,406,397,-1,397,406,407,-1,397,407,398,-1,398,407,408,-1,398,408,401,-1,409,410,411,-1,405,412,406,-1,406,412,413,-1,406,413,414,-1,414,413,409,-1,414,409,415,-1,415,409,411,-1,416,417,418,-1,417,419,418,-1,418,419,420,-1,418,420,421,-1,421,420,422,-1,421,422,423,-1,423,422,424,-1,423,424,147,-1,418,155,425,-1,425,426,418,-1,418,426,427,-1,418,427,428,-1,429,428,430,-1,428,429,418,-1,418,429,431,-1,418,431,416,-1,432,433,434,-1,434,433,435,-1,434,435,430,-1,430,435,436,-1,430,436,429,-1,116,437,119,-1,119,437,438,-1,119,438,100,-1,100,438,439,-1,100,439,130,-1,130,439,440,-1,130,440,135,-1,135,440,441,-1,135,441,142,-1,142,441,442,-1,142,442,155,-1,155,442,443,-1,155,443,425,-1,444,445,316,-1,316,445,446,-1,314,447,448,-1,446,449,316,-1,316,449,450,-1,316,450,451,-1,452,453,454,-1,454,453,314,-1,454,314,455,-1,455,314,448,-1,451,456,316,-1,316,456,457,-1,316,457,314,-1,314,457,458,-1,314,458,447,-1,323,459,444,-1,444,459,460,-1,444,460,445,-1,452,461,453,-1,453,461,462,-1,453,462,329,-1,329,462,463,-1,329,463,323,-1,323,463,464,-1,323,464,459,-1,465,466,467,-1,468,469,470,-1,470,469,471,-1,465,467,472,-1,473,474,475,-1,468,476,469,-1,469,476,477,-1,469,477,478,-1,478,477,479,-1,480,481,479,-1,479,481,482,-1,479,482,478,-1,474,483,475,-1,475,483,484,-1,475,484,485,-1,486,487,467,-1,467,487,488,-1,467,488,472,-1,471,392,489,-1,489,392,475,-1,489,475,490,-1,490,475,485,-1,491,492,392,-1,493,494,495,-1,495,494,496,-1,495,496,497,-1,497,496,498,-1,497,498,499,-1,471,469,392,-1,392,469,500,-1,392,500,491,-1,501,502,503,-1,503,502,504,-1,503,504,499,-1,499,504,505,-1,499,505,497,-1,506,507,479,-1,479,507,508,-1,479,508,509,-1,510,511,512,-1,512,511,513,-1,512,513,514,-1,492,515,392,-1,392,515,516,-1,392,516,501,-1,509,517,479,-1,479,517,518,-1,479,518,480,-1,466,519,520,-1,520,519,521,-1,521,519,522,-1,521,522,523,-1,510,493,511,-1,511,493,495,-1,511,495,524,-1,524,495,525,-1,524,525,526,-1,526,525,527,-1,526,527,528,-1,528,527,529,-1,530,529,520,-1,520,529,527,-1,520,527,466,-1,466,527,525,-1,466,525,467,-1,530,520,87,-1,87,520,531,-1,87,531,88,-1,532,533,534,-1,535,536,534,-1,537,538,395,-1,88,539,540,-1,501,503,392,-1,392,503,541,-1,392,541,395,-1,395,541,542,-1,395,542,537,-1,543,544,88,-1,88,544,545,-1,88,545,539,-1,538,546,395,-1,395,546,547,-1,395,547,532,-1,532,547,548,-1,532,548,533,-1,540,549,88,-1,88,549,550,-1,88,550,86,-1,551,552,553,-1,553,552,554,-1,553,554,555,-1,553,556,551,-1,551,556,557,-1,551,557,558,-1,558,559,551,-1,551,559,560,-1,551,560,561,-1,561,560,562,-1,561,562,563,-1,563,562,564,-1,563,564,534,-1,534,564,565,-1,534,565,535,-1,566,567,555,-1,555,567,568,-1,555,568,553,-1,569,570,514,-1,514,570,571,-1,514,571,512,-1,569,572,570,-1,570,572,573,-1,570,573,574,-1,574,573,575,-1,574,576,577,-1,575,578,574,-1,574,578,579,-1,574,579,580,-1,580,581,574,-1,574,581,582,-1,574,582,576,-1,577,583,574,-1,574,583,584,-1,574,584,585,-1,586,587,588,-1,589,590,591,-1,591,590,592,-1,591,592,593,-1,593,592,586,-1,593,586,594,-1,594,586,588,-1,595,596,88,-1,536,543,534,-1,534,543,88,-1,534,88,532,-1,532,88,596,-1,532,596,590,-1,590,596,597,-1,590,597,592,-1,598,599,595,-1,600,601,602,-1,602,601,603,-1,602,603,598,-1,598,595,602,-1,602,595,88,-1,602,88,604,-1,604,88,531,-1,604,531,605,-1,604,606,602,-1,602,606,607,-1,602,607,608,-1,609,610,611,-1,611,610,612,-1,611,612,531,-1,531,612,613,-1,531,613,605,-1,608,614,602,-1,602,614,615,-1,602,615,600,-1,616,617,618,-1,616,618,84,-1,617,619,618,-1,618,619,620,-1,618,620,611,-1,611,620,621,-1,611,621,609,-1,622,623,624,-1,625,626,258,-1,258,626,627,-1,265,276,258,-1,258,276,278,-1,258,278,625,-1,625,278,628,-1,625,628,624,-1,624,628,629,-1,624,629,622,-1,630,631,632,-1,633,630,634,-1,634,630,632,-1,634,632,278,-1,278,632,635,-1,278,635,628,-1,636,637,589,-1,589,637,638,-1,626,639,627,-1,627,639,636,-1,627,636,85,-1,85,636,589,-1,85,589,83,-1,83,589,591,-1,343,339,372,-1,372,339,324,-1,372,324,640,-1,640,324,323,-1,640,323,641,-1,641,323,444,-1,641,444,642,-1,642,444,316,-1,642,316,643,-1,643,316,311,-1,643,311,644,-1,644,311,310,-1,644,310,645,-1,106,104,113,-1,113,104,378,-1,113,378,646,-1,646,378,91,-1,646,91,370,-1,370,91,90,-1,370,90,371,-1,299,304,102,-1,102,304,647,-1,102,647,104,-1,647,648,104,-1,104,648,80,-1,104,80,378,-1,378,80,82,-1,378,82,304,-1,304,82,649,-1,304,649,647,-1,93,395,94,-1,94,395,532,-1,94,532,331,-1,331,532,590,-1,331,590,329,-1,329,590,589,-1,329,589,453,-1,453,589,638,-1,453,638,314,-1,314,638,650,-1,314,650,280,-1,280,650,651,-1,280,651,278,-1,278,651,652,-1,278,652,634,-1,634,652,653,-1,634,653,633,-1,390,381,387,-1,387,381,304,-1,387,304,392,-1,392,304,290,-1,392,290,475,-1,475,290,296,-1,84,618,85,-1,85,618,654,-1,85,654,627,-1,627,654,398,-1,627,398,258,-1,258,398,399,-1,258,399,260,-1,156,148,169,-1,169,148,655,-1,169,655,296,-1,296,655,521,-1,296,521,475,-1,475,521,523,-1,475,523,473,-1,147,424,148,-1,148,424,656,-1,148,656,655,-1,655,656,657,-1,655,657,521,-1,521,657,658,-1,521,658,520,-1,520,658,659,-1,520,659,531,-1,531,659,660,-1,531,660,611,-1,611,660,661,-1,611,661,618,-1,618,661,662,-1,618,662,654,-1,654,662,402,-1,654,402,398,-1,398,402,404,-1,398,404,396,-1,113,663,116,-1,116,663,664,-1,116,664,437,-1,113,646,663,-1,663,646,370,-1,663,370,372,-1,372,640,663,-1,663,640,641,-1,663,641,642,-1,642,643,663,-1,663,643,644,-1,663,644,645,-1,443,442,665,-1,665,442,441,-1,665,441,664,-1,664,441,440,-1,440,439,664,-1,664,439,438,-1,664,438,437,-1,443,665,425,-1,425,665,666,-1,425,666,426,-1,426,666,667,-1,426,667,427,-1,427,667,668,-1,427,668,428,-1,428,668,669,-1,428,669,430,-1,430,669,670,-1,430,670,434,-1,434,670,671,-1,434,671,432,-1,432,671,3,-1,432,3,672,-1,672,673,432,-1,432,673,674,-1,432,674,675,-1,675,674,676,-1,677,435,2,-1,2,435,433,-1,678,679,680,-1,680,679,681,-1,680,681,433,-1,433,681,682,-1,433,682,2,-1,435,677,436,-1,436,677,683,-1,436,683,429,-1,429,683,684,-1,429,684,431,-1,431,684,685,-1,431,685,416,-1,416,685,686,-1,416,686,417,-1,417,686,687,-1,417,687,419,-1,419,687,688,-1,420,419,689,-1,689,419,688,-1,403,402,690,-1,690,402,662,-1,690,662,661,-1,661,660,690,-1,690,660,659,-1,690,659,658,-1,422,420,689,-1,658,657,690,-1,690,657,656,-1,690,656,689,-1,689,656,424,-1,689,424,422,-1,404,403,691,-1,691,403,690,-1,404,691,396,-1,396,691,692,-1,396,692,397,-1,397,692,693,-1,397,693,405,-1,405,693,694,-1,405,694,412,-1,412,694,695,-1,412,695,413,-1,413,695,696,-1,413,696,409,-1,409,696,697,-1,409,697,410,-1,410,697,43,-1,43,698,410,-1,410,698,699,-1,410,699,700,-1,700,699,701,-1,700,701,702,-1,703,415,42,-1,42,415,411,-1,704,705,706,-1,706,705,707,-1,706,707,411,-1,411,707,708,-1,411,708,42,-1,415,703,414,-1,414,703,709,-1,414,709,406,-1,406,709,710,-1,406,710,407,-1,407,710,711,-1,407,711,408,-1,408,711,712,-1,408,712,401,-1,401,712,713,-1,401,713,400,-1,400,713,714,-1,399,400,714,-1,663,645,310,-1,310,283,663,-1,663,283,262,-1,663,262,714,-1,714,262,260,-1,714,260,399,-1,665,664,715,-1,688,687,716,-1,715,664,717,-1,717,664,663,-1,717,663,714,-1,717,693,718,-1,718,693,692,-1,692,691,718,-1,718,691,690,-1,718,690,716,-1,716,690,689,-1,716,689,688,-1,669,668,716,-1,716,668,667,-1,716,667,715,-1,715,667,666,-1,715,666,665,-1,696,695,710,-1,710,695,694,-1,710,694,693,-1,714,713,717,-1,717,713,712,-1,717,712,693,-1,693,712,711,-1,693,711,710,-1,687,686,716,-1,716,686,685,-1,716,685,669,-1,669,685,684,-1,669,684,670,-1,677,2,3,-1,684,683,670,-1,670,683,677,-1,670,677,671,-1,671,677,3,-1,703,42,43,-1,710,709,696,-1,696,709,703,-1,696,703,697,-1,697,703,43,-1,43,42,708,-1,43,708,698,-1,698,708,707,-1,698,707,699,-1,699,707,705,-1,699,705,701,-1,701,705,704,-1,701,704,702,-1,702,704,706,-1,702,706,700,-1,700,706,411,-1,700,411,410,-1,3,2,682,-1,3,682,672,-1,672,682,681,-1,672,681,673,-1,673,681,679,-1,673,679,674,-1,674,679,678,-1,674,678,676,-1,676,678,680,-1,676,680,675,-1,675,680,433,-1,675,433,432,-1,
        ]
    }
}
Shape{
    appearance Appearance {
        material  Material 	{
            diffuseColor 0.25098039215686274 0.25098039215686274 0.25098039215686274
            specularColor 0.12549019607843137 0.12549019607843137 0.12549019607843137
            ambientIntensity 0.251
            transparency 0.0
            shininess 0.5
        }
    }
    geometry IndexedFaceSet {
        ccw TRUE
        solid FALSE
        coord DEF co Coordinate {
            point [
                0.9618 0.5943 1.4016, 0.9618 0.5882 1.4016, 0.9618 0.5943 1.3976, 0.9618 0.5882 1.3976, 0.9405 0.5943 1.4016, 0.9405 0.5943 1.3976, 0.9405 0.6416 1.4016, 0.9405 0.6416 1.3976, 0.9336 0.6416 1.4016, 0.9336 0.6416 1.3976, 0.9336 0.5882 1.4016, 0.9336 0.5882 1.3976, 0.9891 0.5873 1.4016, 0.9891 0.5873 1.3976, 0.9973 0.5881 1.4016, 0.9939 0.5877 1.3976, 0.9973 0.5881 1.3976, 1.003 0.59 1.3976, 1.003 0.59 1.4016, 1.0039 0.5904 1.3976, 1.0039 0.5904 1.4016, 1.0039 0.597 1.4016, 1.0039 0.597 1.3976, 0.9993 0.5948 1.3976, 0.9993 0.5948 1.4016, 0.9933 0.5936 1.3976, 0.9933 0.5936 1.4016, 0.9901 0.5934 1.3976, 0.9901 0.5934 1.4016, 0.9851 0.594 1.3976, 0.9851 0.594 1.4016, 0.9812 0.5954 1.3976, 0.9812 0.5954 1.4016, 0.9777 0.5978 1.3976, 0.9777 0.5978 1.4016, 0.9764 0.5991 1.3976, 0.9764 0.5991 1.4016, 0.9738 0.6027 1.3976, 0.9738 0.6027 1.4016, 0.9721 0.607 1.3976, 0.9721 0.607 1.4016, 0.9712 0.6124 1.3976, 0.9712 0.6124 1.4016, 0.9712 0.6143 1.3976, 0.9712 0.6143 1.4016, 0.972 0.6215 1.3976, 0.972 0.6215 1.4016, 0.9738 0.6262 1.3976, 0.9738 0.6262 1.4016, 0.9764 0.6299 1.3976, 0.9764 0.6299 1.4016, 0.9768 0.6303 1.3976, 0.9768 0.6303 1.4016, 0.9804 0.6333 1.3976, 0.9804 0.6333 1.4016, 0.9846 0.6353 1.3976, 0.9846 0.6353 1.4016, 0.9892 0.6362 1.3976, 0.9892 0.6362 1.4016, 0.9913 0.6363 1.3976, 0.9913 0.6363 1.4016, 0.997 0.6357 1.3976, 0.997 0.6357 1.4016, 1.0026 0.6338 1.3976, 1.0026 0.6338 1.4016, 1.0039 0.6331 1.3976, 1.0039 0.6331 1.4016, 1.0039 0.6403 1.4016, 1.0039 0.6403 1.3976, 0.9913 0.6425 1.3976, 0.9913 0.6425 1.4016, 0.9923 0.6425 1.4016, 0.9991 0.6418 1.3976, 0.9991 0.6418 1.4016, 0.9966 0.642 1.3976, 0.9923 0.6425 1.3976, 0.9875 0.642 1.3976, 0.9836 0.6416 1.4016, 0.9836 0.6416 1.3976, 0.978 0.6394 1.3976, 0.978 0.6394 1.4016, 0.9729 0.6358 1.3976, 0.9729 0.6358 1.4016, 0.9717 0.6346 1.3976, 0.9717 0.6346 1.4016, 0.9683 0.6303 1.3976, 0.9683 0.6303 1.4016, 0.9663 0.6262 1.3976, 0.9655 0.6245 1.4016, 0.9655 0.6245 1.3976, 0.9641 0.6178 1.3976, 0.9641 0.6178 1.4016, 0.964 0.6139 1.3976, 0.964 0.6139 1.4016, 0.965 0.6053 1.3976, 0.965 0.6053 1.4016, 0.9663 0.6018 1.3976, 0.9672 0.5997 1.4016, 0.9672 0.5997 1.3976, 0.9703 0.5951 1.3976, 0.9703 0.5951 1.4016, 0.9708 0.5946 1.3976, 0.9708 0.5946 1.4016, 0.9854 0.5875 1.4016, 0.9747 0.5913 1.3976, 0.9747 0.5913 1.4016, 0.9797 0.5888 1.3976, 0.9797 0.5888 1.4016, 0.9843 0.5877 1.3976, 0.9854 0.5875 1.3976, 1.0433 0.5943 1.4016, 1.0433 0.5882 1.4016, 1.0433 0.5943 1.3976, 1.0433 0.5882 1.3976, 1.0215 0.5943 1.3976, 1.0215 0.5943 1.4016, 1.0359 0.5943 1.3976, 1.0215 0.6122 1.4016, 1.0215 0.6122 1.3976, 1.0406 0.6122 1.4016, 1.0359 0.6122 1.3976, 1.0406 0.6122 1.3976, 1.0406 0.6184 1.4016, 1.0406 0.6184 1.3976, 1.0215 0.6184 1.3976, 1.0215 0.6184 1.4016, 1.0359 0.6184 1.3976, 1.0215 0.6354 1.4016, 1.0215 0.6354 1.3976, 1.0421 0.6354 1.4016, 1.0359 0.6354 1.3976, 1.0421 0.6354 1.3976, 1.0421 0.6416 1.4016, 1.0421 0.6416 1.3976, 1.0146 0.6416 1.3976, 1.0146 0.6416 1.4016, 1.0359 0.6416 1.3976, 1.0146 0.5882 1.4016, 1.0146 0.5882 1.3976, 1.0359 0.5882 1.3976, 1.0866 0.6033 1.4016, 1.0839 0.5999 1.4016, 1.0888 0.5957 1.4016, 1.0832 0.5992 1.4016, 1.0832 0.5916 1.4016, 1.0798 0.5968 1.4016, 1.0771 0.5893 1.4016, 1.0754 0.5951 1.4016, 1.0681 0.5882 1.4016, 1.068 0.5943 1.4016, 1.0534 0.5882 1.4016, 1.0603 0.5943 1.4016, 1.0534 0.6416 1.4016, 1.0603 0.6354 1.4016, 1.0686 0.6416 1.4016, 1.0684 0.6354 1.4016, 1.0768 0.6407 1.4016, 1.0753 0.6347 1.4016, 1.0832 0.6383 1.4016, 1.0799 0.633 1.4016, 1.0888 0.6345 1.4016, 1.0838 0.6304 1.4016, 1.0907 0.6326 1.4016, 1.0857 0.6284 1.4016, 1.094 0.628 1.4016, 1.0876 0.6253 1.4016, 1.096 0.6229 1.4016, 1.089 0.6212 1.4016, 1.0969 0.6156 1.4016, 1.0896 0.6154 1.4016, 1.0966 0.6113 1.4016, 1.0895 0.6122 1.4016, 1.0952 0.6052 1.4016, 1.0885 0.6073 1.4016, 1.0924 0.5998 1.4016, 1.0681 0.5882 1.3976, 1.0534 0.5882 1.3976, 1.0888 0.5957 1.3976, 1.0771 0.5893 1.3976, 1.0779 0.5896 1.3976, 1.0832 0.5916 1.3976, 1.0924 0.5998 1.3976, 1.0952 0.6052 1.3976, 1.0966 0.6113 1.3976, 1.0969 0.6156 1.3976, 1.096 0.6229 1.3976, 1.094 0.628 1.3976, 1.0907 0.6326 1.3976, 1.0888 0.6345 1.3976, 1.0686 0.6416 1.3976, 1.0832 0.6383 1.3976, 1.0779 0.6403 1.3976, 1.0768 0.6407 1.3976, 1.0534 0.6416 1.3976, 1.0684 0.6354 1.3976, 1.0603 0.6354 1.3976, 1.0603 0.5943 1.3976, 1.068 0.5943 1.3976, 1.0839 0.5999 1.3976, 1.0832 0.5992 1.3976, 1.0798 0.5968 1.3976, 1.0754 0.5951 1.3976, 1.0896 0.6154 1.3976, 1.0895 0.6122 1.3976, 1.0885 0.6073 1.3976, 1.0866 0.6033 1.3976, 1.0838 0.6304 1.3976, 1.0857 0.6284 1.3976, 1.0876 0.6253 1.3976, 1.089 0.6212 1.3976, 1.0753 0.6347 1.3976, 1.0799 0.633 1.3976
            ]
        }
        coordIndex [
            0,1,2,-1,2,1,3,-1,4,0,5,-1,5,0,2,-1,6,4,7,-1,7,4,5,-1,8,6,9,-1,9,6,7,-1,10,8,11,-1,11,8,9,-1,1,10,3,-1,3,10,11,-1,6,8,4,-1,4,8,10,-1,4,10,0,-1,0,10,1,-1,12,13,14,-1,14,13,15,-1,15,16,14,-1,14,16,17,-1,14,17,18,-1,18,17,19,-1,18,19,20,-1,21,20,22,-1,22,20,19,-1,21,22,23,-1,21,23,24,-1,24,23,25,-1,24,25,26,-1,26,25,27,-1,26,27,28,-1,28,27,29,-1,28,29,30,-1,30,29,31,-1,30,31,32,-1,32,31,33,-1,32,33,34,-1,34,33,35,-1,34,35,36,-1,36,35,37,-1,36,37,38,-1,38,37,39,-1,38,39,40,-1,40,39,41,-1,40,41,42,-1,42,41,43,-1,42,43,44,-1,44,43,45,-1,44,45,46,-1,46,45,47,-1,46,47,48,-1,48,47,49,-1,48,49,50,-1,50,49,51,-1,50,51,52,-1,52,51,53,-1,52,53,54,-1,54,53,55,-1,54,55,56,-1,56,55,57,-1,56,57,58,-1,58,57,59,-1,58,59,60,-1,60,59,61,-1,60,61,62,-1,62,61,63,-1,62,63,64,-1,64,63,65,-1,64,65,66,-1,67,66,68,-1,68,66,65,-1,69,70,71,-1,67,68,72,-1,67,72,73,-1,73,72,74,-1,73,74,71,-1,71,74,75,-1,71,75,69,-1,70,69,76,-1,70,76,77,-1,76,78,77,-1,77,78,79,-1,77,79,80,-1,80,79,81,-1,80,81,82,-1,82,81,83,-1,82,83,84,-1,84,83,85,-1,84,85,86,-1,86,85,87,-1,86,87,88,-1,87,89,88,-1,88,89,90,-1,88,90,91,-1,91,90,92,-1,91,92,93,-1,93,92,94,-1,93,94,95,-1,95,94,96,-1,95,96,97,-1,96,98,97,-1,97,98,99,-1,97,99,100,-1,100,99,101,-1,100,101,102,-1,13,12,103,-1,102,101,104,-1,102,104,105,-1,105,104,106,-1,105,106,107,-1,107,106,108,-1,107,108,103,-1,103,108,109,-1,103,109,13,-1,64,66,67,-1,54,56,77,-1,46,48,86,-1,77,56,70,-1,86,48,84,-1,64,67,62,-1,77,80,54,-1,54,80,82,-1,54,82,52,-1,52,82,84,-1,52,84,50,-1,50,84,48,-1,56,58,70,-1,70,58,60,-1,70,60,71,-1,71,60,62,-1,71,62,73,-1,73,62,67,-1,93,44,91,-1,91,44,46,-1,91,46,88,-1,88,46,86,-1,20,21,18,-1,18,21,24,-1,18,24,14,-1,14,24,26,-1,14,26,12,-1,12,26,28,-1,12,28,103,-1,103,28,30,-1,103,30,107,-1,107,30,32,-1,107,32,105,-1,105,32,34,-1,105,34,102,-1,102,34,36,-1,102,36,100,-1,100,36,38,-1,100,38,97,-1,97,38,95,-1,95,38,40,-1,95,40,93,-1,93,40,42,-1,93,42,44,-1,110,111,112,-1,112,111,113,-1,114,115,116,-1,116,115,110,-1,116,110,112,-1,117,115,118,-1,118,115,114,-1,117,118,119,-1,119,118,120,-1,119,120,121,-1,122,119,123,-1,123,119,121,-1,124,125,126,-1,126,125,122,-1,126,122,123,-1,127,125,128,-1,128,125,124,-1,127,128,129,-1,129,128,130,-1,129,130,131,-1,132,129,133,-1,133,129,131,-1,134,135,136,-1,136,135,132,-1,136,132,133,-1,137,135,138,-1,138,135,134,-1,137,138,111,-1,111,138,139,-1,111,139,113,-1,137,111,110,-1,110,115,137,-1,137,115,117,-1,137,117,135,-1,129,132,127,-1,127,132,135,-1,127,135,125,-1,125,135,117,-1,125,117,122,-1,122,117,119,-1,140,141,142,-1,142,141,143,-1,142,143,144,-1,144,143,145,-1,144,145,146,-1,146,145,147,-1,146,147,148,-1,148,147,149,-1,148,149,150,-1,150,149,151,-1,150,151,152,-1,152,151,153,-1,152,153,154,-1,154,153,155,-1,154,155,156,-1,156,155,157,-1,156,157,158,-1,158,157,159,-1,158,159,160,-1,160,159,161,-1,160,161,162,-1,162,161,163,-1,162,163,164,-1,164,163,165,-1,164,165,166,-1,166,165,167,-1,166,167,168,-1,168,167,169,-1,168,169,170,-1,170,169,171,-1,170,171,172,-1,172,171,173,-1,172,173,174,-1,174,173,140,-1,174,140,142,-1,148,150,175,-1,175,150,176,-1,177,142,144,-1,148,175,178,-1,148,178,146,-1,146,178,179,-1,146,179,144,-1,144,179,180,-1,144,180,177,-1,142,177,181,-1,142,181,174,-1,174,181,182,-1,174,182,172,-1,172,182,183,-1,172,183,170,-1,170,183,184,-1,170,184,168,-1,168,184,185,-1,168,185,166,-1,166,185,186,-1,166,186,164,-1,164,186,187,-1,164,187,162,-1,162,187,188,-1,162,188,160,-1,189,154,156,-1,160,188,190,-1,160,190,158,-1,158,190,191,-1,158,191,156,-1,156,191,192,-1,156,192,189,-1,152,154,193,-1,193,154,189,-1,150,152,176,-1,176,152,193,-1,155,153,194,-1,194,153,195,-1,153,151,195,-1,195,151,196,-1,151,149,196,-1,196,149,197,-1,141,198,199,-1,141,199,143,-1,143,199,200,-1,143,200,145,-1,145,200,201,-1,145,201,147,-1,147,201,197,-1,147,197,149,-1,169,202,203,-1,169,203,171,-1,171,203,204,-1,171,204,173,-1,173,204,205,-1,173,205,140,-1,140,205,198,-1,140,198,141,-1,161,206,207,-1,161,207,163,-1,163,207,208,-1,163,208,165,-1,165,208,209,-1,165,209,167,-1,167,209,202,-1,167,202,169,-1,155,194,210,-1,155,210,157,-1,157,210,211,-1,157,211,159,-1,159,211,206,-1,159,206,161,-1,
        ]
    }
}
Shape{
    appearance Appearance {
        material  Material 	{
            diffuseColor 0.7529411764705882 0.7529411764705882 0.7529411764705882
            specularColor 0.3764705882352941 0.3764705882352941 0.3764705882352941
            ambientIntensity 0.7529
            transparency 0.0
            shininess 0.5
        }
    }
    geometry IndexedFaceSet {
        ccw TRUE
        solid FALSE
        coord DEF co Coordinate {
            point [
                1.0603 0.6354 1.3976, 1.0603 0.5943 1.3976, 1.0684 0.6354 1.3976, 1.068 0.5943 1.3976, 1.0754 0.5951 1.3976, 1.0798 0.5968 1.3976, 1.0832 0.5992 1.3976, 1.0839 0.5999 1.3976, 1.0895 0.6122 1.3976, 1.0896 0.6154 1.3976, 1.089 0.6212 1.3976, 1.0876 0.6253 1.3976, 1.0857 0.6284 1.3976, 1.0838 0.6304 1.3976, 1.0753 0.6347 1.3976, 1.0799 0.633 1.3976, 1.0866 0.6033 1.3976, 1.0885 0.6073 1.3976
            ]
        }
        coordIndex [
            0,1,2,-1,2,1,3,-1,2,3,4,-1,4,5,2,-1,2,5,6,-1,2,6,7,-1,8,9,2,-1,2,9,10,-1,2,10,11,-1,11,12,2,-1,2,12,13,-1,2,13,14,-1,14,13,15,-1,7,16,2,-1,2,16,17,-1,2,17,8,-1,
        ]
    }
}
Shape{
    appearance Appearance {
        material  Material 	{
            diffuseColor 0.25098039215686274 0.25098039215686274 0.25098039215686274
            specularColor 0.12549019607843137 0.12549019607843137 0.12549019607843137
            ambientIntensity 0.251
            transparency 0.0
            shininess 0.5
        }
    }
    geometry IndexedFaceSet {
        ccw TRUE
        solid FALSE
        coord DEF co Coordinate {
            point [
                1.1147 0.6088 1.4016, 1.1126 0.6028 1.4016, 1.1327 0.6088 1.4016, 1.1348 0.6028 1.4016, 1.1227 0.631 1.4016, 1.1202 0.6416 1.4016, 1.0998 0.5882 1.4016, 1.1074 0.5882 1.4016, 1.1232 0.6326 1.4016, 1.1236 0.6348 1.4016, 1.1275 0.6416 1.4016, 1.1238 0.6348 1.4016, 1.1242 0.6325 1.4016, 1.1246 0.631 1.4016, 1.1479 0.5882 1.4016, 1.1402 0.5882 1.4016, 1.1275 0.6416 1.3976, 1.1479 0.5882 1.3976, 1.1202 0.6416 1.3976, 1.0998 0.5882 1.3976, 1.1152 0.6286 1.3976, 1.1074 0.5882 1.3976, 1.1126 0.6028 1.3976, 1.1348 0.6028 1.3976, 1.1152 0.6028 1.3976, 1.1402 0.5882 1.3976, 1.1147 0.6088 1.3976, 1.1327 0.6088 1.3976, 1.1246 0.631 1.3976, 1.1238 0.6348 1.3976, 1.1242 0.6325 1.3976, 1.1236 0.6348 1.3976, 1.1227 0.631 1.3976, 1.1232 0.6326 1.3976
            ]
        }
        coordIndex [
            0,1,2,-1,2,1,3,-1,4,5,0,-1,0,5,6,-1,0,6,1,-1,1,6,7,-1,4,8,5,-1,5,8,9,-1,5,9,10,-1,10,9,11,-1,10,11,12,-1,12,13,10,-1,10,13,2,-1,10,2,14,-1,14,2,3,-1,14,3,15,-1,10,14,16,-1,16,14,17,-1,5,10,18,-1,18,10,16,-1,19,6,20,-1,20,6,5,-1,20,5,18,-1,7,6,21,-1,21,6,19,-1,1,7,22,-1,22,7,21,-1,23,3,24,-1,24,3,1,-1,24,1,22,-1,15,3,25,-1,25,3,23,-1,14,15,17,-1,17,15,25,-1,0,2,26,-1,26,2,27,-1,2,13,27,-1,27,13,28,-1,11,29,30,-1,11,30,12,-1,12,30,28,-1,12,28,13,-1,11,9,29,-1,29,9,31,-1,4,32,33,-1,4,33,8,-1,8,33,31,-1,8,31,9,-1,4,0,32,-1,32,0,26,-1,
        ]
    }
}
Shape{
    appearance Appearance {
        material  Material 	{
            diffuseColor 0.7529411764705882 0.7529411764705882 0.7529411764705882
            specularColor 0.3764705882352941 0.3764705882352941 0.3764705882352941
            ambientIntensity 0.7529
            transparency 0.0
            shininess 0.5
        }
    }
    geometry IndexedFaceSet {
        ccw TRUE
        solid FALSE
        coord DEF co Coordinate {
            point [
                1.1238 0.6348 1.3976, 1.1236 0.6348 1.3976, 1.1242 0.6325 1.3976, 1.1232 0.6326 1.3976, 1.1246 0.631 1.3976, 1.1227 0.631 1.3976, 1.1327 0.6088 1.3976, 1.1147 0.6088 1.3976
            ]
        }
        coordIndex [
            0,1,2,-1,2,1,3,-1,2,3,4,-1,4,3,5,-1,4,5,6,-1,6,5,7,-1,
        ]
    }
}
Shape{
    appearance Appearance {
        material  Material 	{
            diffuseColor 0.25098039215686274 0.25098039215686274 0.25098039215686274
            specularColor 0.12549019607843137 0.12549019607843137 0.12549019607843137
            ambientIntensity 0.251
            transparency 0.0
            shininess 0.5
        }
    }
    geometry IndexedFaceSet {
        ccw TRUE
        solid FALSE
        coord DEF co Coordinate {
            point [
                0.9623 0.5096 1.4016, 0.9623 0.5035 1.4016, 0.9623 0.5096 1.3976, 0.9623 0.5035 1.3976, 0.9405 0.5096 1.4016, 0.9405 0.5096 1.3976, 0.9405 0.5276 1.4016, 0.9405 0.5276 1.3976, 0.9596 0.5276 1.4016, 0.9596 0.5276 1.3976, 0.9596 0.5337 1.4016, 0.9596 0.5337 1.3976, 0.9405 0.5337 1.4016, 0.9405 0.5337 1.3976, 0.9405 0.5508 1.3976, 0.9405 0.5508 1.4016, 0.9405 0.5497 1.3976, 0.9611 0.5508 1.4016, 0.9611 0.5508 1.3976, 0.9611 0.5569 1.4016, 0.9611 0.5569 1.3976, 0.9336 0.5569 1.4016, 0.9336 0.5569 1.3976, 0.9336 0.5035 1.3976, 0.9336 0.5035 1.4016, 0.9336 0.5497 1.3976, 0.9927 0.5035 1.4016, 0.9994 0.5035 1.4016, 0.9927 0.5094 1.4016, 0.9994 0.528 1.4016, 0.9927 0.5277 1.4016, 0.9782 0.5198 1.4016, 0.9798 0.5205 1.4016, 0.9925 0.5094 1.4016, 0.989 0.5104 1.4016, 0.9915 0.5078 1.4016, 0.9871 0.5091 1.4016, 0.9838 0.5214 1.4016, 0.9927 0.5226 1.4016, 0.9927 0.519 1.4016, 0.9927 0.5185 1.4016, 0.9922 0.5156 1.4016, 0.9913 0.5132 1.4016, 0.9898 0.5112 1.4016, 0.9924 0.5307 1.4016, 0.9988 0.5334 1.4016, 0.9918 0.5331 1.4016, 0.9977 0.5363 1.4016, 0.991 0.5345 1.4016, 0.9963 0.5384 1.4016, 0.99 0.5355 1.4016, 0.9945 0.5401 1.4016, 0.9888 0.5363 1.4016, 0.9923 0.5414 1.4016, 0.9872 0.5368 1.4016, 0.9894 0.5422 1.4016, 0.985 0.5371 1.4016, 0.9856 0.5425 1.4016, 0.9809 0.5367 1.4016, 0.9798 0.5419 1.4016, 0.9768 0.5352 1.4016, 0.9747 0.5402 1.4016, 0.9725 0.5325 1.4016, 0.9725 0.539 1.4016, 0.9769 0.5104 1.4016, 0.972 0.5056 1.4016, 0.9775 0.5098 1.4016, 0.9743 0.504 1.4016, 0.9788 0.5089 1.4016, 0.9768 0.5031 1.4016, 0.9803 0.5084 1.4016, 0.9808 0.5026 1.4016, 0.9826 0.5081 1.4016, 0.9843 0.503 1.4016, 0.9851 0.5084 1.4016, 0.987 0.504 1.4016, 0.9893 0.5055 1.4016, 0.9814 0.5262 1.4016, 0.9762 0.5249 1.4016, 0.9773 0.5191 1.4016, 0.9734 0.5234 1.4016, 0.9765 0.5181 1.4016, 0.9714 0.5216 1.4016, 0.9759 0.5169 1.4016, 0.9699 0.5194 1.4016, 0.9756 0.5153 1.4016, 0.9691 0.517 1.4016, 0.9755 0.5143 1.4016, 0.9687 0.5137 1.4016, 0.9757 0.5127 1.4016, 0.9691 0.5107 1.4016, 0.9761 0.5115 1.4016, 0.9699 0.5084 1.4016, 0.9713 0.5064 1.4016, 0.9856 0.5425 1.3976, 0.9798 0.5419 1.3976, 0.9747 0.5402 1.3976, 0.9725 0.539 1.3976, 0.9725 0.5325 1.3976, 0.9768 0.5352 1.3976, 0.9809 0.5367 1.3976, 0.985 0.5371 1.3976, 0.9872 0.5368 1.3976, 0.9888 0.5363 1.3976, 0.99 0.5355 1.3976, 0.991 0.5345 1.3976, 0.9918 0.5331 1.3976, 0.9924 0.5307 1.3976, 0.9927 0.5277 1.3976, 0.9814 0.5262 1.3976, 0.9762 0.5249 1.3976, 0.9734 0.5234 1.3976, 0.9714 0.5216 1.3976, 0.9699 0.5194 1.3976, 0.9691 0.517 1.3976, 0.9687 0.5137 1.3976, 0.9691 0.5107 1.3976, 0.9699 0.5084 1.3976, 0.9713 0.5064 1.3976, 0.972 0.5056 1.3976, 0.9808 0.5026 1.3976, 0.9769 0.5031 1.3976, 0.9768 0.5031 1.3976, 0.9743 0.504 1.3976, 0.9843 0.503 1.3976, 0.9845 0.5031 1.3976, 0.987 0.504 1.3976, 0.9893 0.5055 1.3976, 0.9915 0.5078 1.3976, 0.9925 0.5094 1.3976, 0.9927 0.5094 1.3976, 0.9927 0.5035 1.3976, 0.9994 0.5035 1.3976, 0.9994 0.528 1.3976, 0.9988 0.5334 1.3976, 0.9977 0.5363 1.3976, 0.9963 0.5384 1.3976, 0.9945 0.5401 1.3976, 0.9923 0.5414 1.3976, 0.9894 0.5422 1.3976, 0.9773 0.5191 1.3976, 0.9782 0.5198 1.3976, 0.9798 0.5205 1.3976, 0.9838 0.5214 1.3976, 0.9755 0.5143 1.3976, 0.9756 0.5153 1.3976, 0.9759 0.5169 1.3976, 0.9765 0.5181 1.3976, 0.9775 0.5098 1.3976, 0.9769 0.5104 1.3976, 0.9761 0.5115 1.3976, 0.9757 0.5127 1.3976, 0.9826 0.5081 1.3976, 0.9803 0.5084 1.3976, 0.9788 0.5089 1.3976, 0.9898 0.5112 1.3976, 0.989 0.5104 1.3976, 0.9871 0.5091 1.3976, 0.9851 0.5084 1.3976, 0.9927 0.519 1.3976, 0.9927 0.5185 1.3976, 0.9922 0.5156 1.3976, 0.9913 0.5132 1.3976, 0.9927 0.5226 1.3976
            ]
        }
        coordIndex [
            0,1,2,-1,2,1,3,-1,4,0,5,-1,5,0,2,-1,6,4,7,-1,7,4,5,-1,8,6,9,-1,9,6,7,-1,10,8,11,-1,11,8,9,-1,12,10,13,-1,13,10,11,-1,14,15,16,-1,16,15,12,-1,16,12,13,-1,17,15,18,-1,18,15,14,-1,19,17,20,-1,20,17,18,-1,21,19,22,-1,22,19,20,-1,23,24,25,-1,25,24,21,-1,25,21,22,-1,1,24,3,-1,3,24,23,-1,24,1,0,-1,0,4,24,-1,24,4,6,-1,24,6,21,-1,17,19,15,-1,15,19,21,-1,15,21,12,-1,12,21,6,-1,12,6,10,-1,10,6,8,-1,26,27,28,-1,28,27,29,-1,30,31,32,-1,33,34,35,-1,35,34,36,-1,37,38,29,-1,29,38,39,-1,39,40,29,-1,29,40,41,-1,29,41,28,-1,28,41,42,-1,28,42,33,-1,33,42,43,-1,33,43,34,-1,32,37,30,-1,30,37,29,-1,30,29,44,-1,44,29,45,-1,44,45,46,-1,46,45,47,-1,46,47,48,-1,48,47,49,-1,48,49,50,-1,50,49,51,-1,50,51,52,-1,52,51,53,-1,52,53,54,-1,54,53,55,-1,54,55,56,-1,56,55,57,-1,56,57,58,-1,58,57,59,-1,58,59,60,-1,60,59,61,-1,60,61,62,-1,62,61,63,-1,64,65,66,-1,66,65,67,-1,66,67,68,-1,68,67,69,-1,68,69,70,-1,70,69,71,-1,70,71,72,-1,72,71,73,-1,72,73,74,-1,74,73,75,-1,74,75,36,-1,36,75,76,-1,36,76,35,-1,30,77,31,-1,31,77,78,-1,31,78,79,-1,79,78,80,-1,79,80,81,-1,81,80,82,-1,81,82,83,-1,83,82,84,-1,83,84,85,-1,85,84,86,-1,85,86,87,-1,87,86,88,-1,87,88,89,-1,89,88,90,-1,89,90,91,-1,91,90,92,-1,91,92,64,-1,64,92,93,-1,64,93,65,-1,57,94,95,-1,57,95,59,-1,59,95,96,-1,59,96,61,-1,61,96,97,-1,61,97,63,-1,62,63,98,-1,98,63,97,-1,62,98,99,-1,62,99,60,-1,60,99,100,-1,60,100,58,-1,58,100,101,-1,58,101,56,-1,56,101,102,-1,56,102,54,-1,54,102,103,-1,54,103,52,-1,52,103,104,-1,52,104,50,-1,50,104,105,-1,50,105,48,-1,48,105,106,-1,48,106,46,-1,46,106,107,-1,46,107,44,-1,44,107,108,-1,44,108,30,-1,77,30,109,-1,109,30,108,-1,77,109,110,-1,77,110,78,-1,78,110,111,-1,78,111,80,-1,80,111,112,-1,80,112,82,-1,82,112,113,-1,82,113,84,-1,84,113,114,-1,84,114,86,-1,86,114,115,-1,86,115,88,-1,88,115,116,-1,88,116,90,-1,90,116,117,-1,90,117,92,-1,92,117,118,-1,92,118,93,-1,93,118,119,-1,93,119,65,-1,120,71,121,-1,121,71,69,-1,121,69,122,-1,122,69,67,-1,122,67,123,-1,123,67,65,-1,123,65,119,-1,71,120,124,-1,71,124,73,-1,73,124,125,-1,73,125,75,-1,125,126,75,-1,75,126,127,-1,75,127,76,-1,76,127,128,-1,76,128,35,-1,35,128,129,-1,35,129,33,-1,28,33,130,-1,130,33,129,-1,26,28,131,-1,131,28,130,-1,27,26,132,-1,132,26,131,-1,29,27,133,-1,133,27,132,-1,29,133,134,-1,29,134,45,-1,45,134,135,-1,45,135,47,-1,47,135,136,-1,47,136,49,-1,49,136,137,-1,49,137,51,-1,51,137,138,-1,51,138,53,-1,53,138,139,-1,53,139,55,-1,55,139,94,-1,55,94,57,-1,79,140,141,-1,79,141,31,-1,31,141,142,-1,31,142,32,-1,32,142,143,-1,32,143,37,-1,87,144,145,-1,87,145,85,-1,85,145,146,-1,85,146,83,-1,83,146,147,-1,83,147,81,-1,81,147,140,-1,81,140,79,-1,66,148,149,-1,66,149,64,-1,64,149,150,-1,64,150,91,-1,91,150,151,-1,91,151,89,-1,89,151,144,-1,89,144,87,-1,72,152,153,-1,72,153,70,-1,70,153,154,-1,70,154,68,-1,68,154,148,-1,68,148,66,-1,43,155,156,-1,43,156,34,-1,34,156,157,-1,34,157,36,-1,36,157,158,-1,36,158,74,-1,74,158,152,-1,74,152,72,-1,39,159,160,-1,39,160,40,-1,40,160,161,-1,40,161,41,-1,41,161,162,-1,41,162,42,-1,42,162,155,-1,42,155,43,-1,39,38,159,-1,159,38,163,-1,38,37,163,-1,163,37,143,-1,
        ]
    }
}
Shape{
    appearance Appearance {
        material  Material 	{
            diffuseColor 0.7529411764705882 0.7529411764705882 0.7529411764705882
            specularColor 0.3764705882352941 0.3764705882352941 0.3764705882352941
            ambientIntensity 0.7529
            transparency 0.0
            shininess 0.5
        }
    }
    geometry IndexedFaceSet {
        ccw TRUE
        solid FALSE
        coord DEF co Coordinate {
            point [
                0.9927 0.5185 1.3976, 0.9927 0.519 1.3976, 0.9773 0.5191 1.3976, 0.9927 0.5226 1.3976, 0.9838 0.5214 1.3976, 0.9798 0.5205 1.3976, 0.9782 0.5198 1.3976, 0.9922 0.5156 1.3976, 0.9765 0.5181 1.3976, 0.9913 0.5132 1.3976, 0.9769 0.5104 1.3976, 0.9775 0.5098 1.3976, 0.989 0.5104 1.3976, 0.9761 0.5115 1.3976, 0.9871 0.5091 1.3976, 0.9851 0.5084 1.3976, 0.9826 0.5081 1.3976, 0.9759 0.5169 1.3976, 0.9756 0.5153 1.3976, 0.9898 0.5112 1.3976, 0.9755 0.5143 1.3976, 0.9757 0.5127 1.3976, 0.9788 0.5089 1.3976, 0.9803 0.5084 1.3976
            ]
        }
        coordIndex [
            0,1,2,-1,1,3,4,-1,4,5,1,-1,1,5,6,-1,1,6,2,-1,0,2,7,-1,7,2,8,-1,7,8,9,-1,10,11,12,-1,10,12,13,-1,14,12,15,-1,15,12,16,-1,8,17,9,-1,9,17,18,-1,9,18,19,-1,19,18,20,-1,19,20,12,-1,12,20,21,-1,12,21,13,-1,11,22,12,-1,12,22,23,-1,12,23,16,-1,
        ]
    }
}
Shape{
    appearance Appearance {
        material  Material 	{
            diffuseColor 0.25098039215686274 0.25098039215686274 0.25098039215686274
            specularColor 0.12549019607843137 0.12549019607843137 0.12549019607843137
            ambientIntensity 0.251
            transparency 0.0
            shininess 0.5
        }
    }
    geometry IndexedFaceSet {
        ccw TRUE
        solid FALSE
        coord DEF co Coordinate {
            point [
                1.0084 0.5118 1.3976, 1.0084 0.5118 1.4016, 1.0108 0.5103 1.4016, 1.0194 0.5081 1.4016, 1.0194 0.5081 1.3976, 1.0149 0.5086 1.3976, 1.0149 0.5086 1.4016, 1.0115 0.51 1.3976, 1.0108 0.5103 1.3976, 1.0084 0.5049 1.4016, 1.0084 0.5049 1.3976, 1.0115 0.5037 1.3976, 1.0129 0.5033 1.4016, 1.0188 0.5026 1.3976, 1.0188 0.5026 1.4016, 1.0146 0.5031 1.3976, 1.0129 0.5033 1.3976, 1.023 0.5031 1.3976, 1.0242 0.5032 1.4016, 1.0242 0.5032 1.3976, 1.0279 0.5045 1.3976, 1.0279 0.5045 1.4016, 1.0299 0.5056 1.3976, 1.0299 0.5056 1.4016, 1.0318 0.5073 1.3976, 1.0318 0.5073 1.4016, 1.033 0.5091 1.3976, 1.033 0.5091 1.4016, 1.0339 0.5112 1.3976, 1.0339 0.5112 1.4016, 1.0342 0.5139 1.3976, 1.0342 0.5139 1.4016, 1.0339 0.5164 1.3976, 1.0339 0.5164 1.4016, 1.0332 0.5183 1.3976, 1.0332 0.5183 1.4016, 1.0319 0.5202 1.3976, 1.0319 0.5202 1.4016, 1.0303 0.5216 1.3976, 1.0303 0.5216 1.4016, 1.0259 0.5241 1.3976, 1.0259 0.5241 1.4016, 1.0233 0.5251 1.3976, 1.0233 0.5251 1.4016, 1.0192 0.5269 1.3976, 1.0192 0.5269 1.4016, 1.0168 0.5284 1.3976, 1.0168 0.5284 1.4016, 1.0162 0.5291 1.3976, 1.0162 0.5291 1.4016, 1.0157 0.53 1.3976, 1.0157 0.53 1.4016, 1.0154 0.5311 1.3976, 1.0154 0.5311 1.4016, 1.0154 0.532 1.3976, 1.0154 0.532 1.4016, 1.0155 0.533 1.3976, 1.0155 0.533 1.4016, 1.0158 0.5339 1.3976, 1.0158 0.5339 1.4016, 1.0164 0.5348 1.3976, 1.0164 0.5348 1.4016, 1.0174 0.5357 1.3976, 1.0174 0.5357 1.4016, 1.0189 0.5365 1.3976, 1.0189 0.5365 1.4016, 1.0207 0.5369 1.3976, 1.0207 0.5369 1.4016, 1.0227 0.5371 1.3976, 1.0227 0.5371 1.4016, 1.0273 0.5365 1.3976, 1.0273 0.5365 1.4016, 1.0311 0.5351 1.3976, 1.0311 0.5351 1.4016, 1.0323 0.5343 1.3976, 1.0323 0.5343 1.4016, 1.0323 0.5408 1.4016, 1.0323 0.5408 1.3976, 1.0276 0.5422 1.3976, 1.0276 0.5422 1.4016, 1.0233 0.5425 1.3976, 1.0233 0.5425 1.4016, 1.0182 0.5419 1.3976, 1.0182 0.5419 1.4016, 1.0146 0.5406 1.3976, 1.0146 0.5406 1.4016, 1.0128 0.5395 1.3976, 1.0128 0.5395 1.4016, 1.0115 0.5384 1.3976, 1.0108 0.5377 1.4016, 1.0108 0.5377 1.3976, 1.0095 0.5359 1.3976, 1.0095 0.5359 1.4016, 1.0087 0.5337 1.3976, 1.0087 0.5337 1.4016, 1.0085 0.5314 1.3976, 1.0085 0.5314 1.4016, 1.0088 0.5288 1.3976, 1.0088 0.5288 1.4016, 1.0095 0.5267 1.3976, 1.0095 0.5267 1.4016, 1.0104 0.5253 1.3976, 1.0104 0.5253 1.4016, 1.0186 0.5203 1.3976, 1.0186 0.5203 1.4016, 1.0146 0.5221 1.4016, 1.0115 0.5242 1.3976, 1.0115 0.5242 1.4016, 1.0115 0.5241 1.3976, 1.0146 0.5221 1.3976, 1.023 0.5184 1.3976, 1.023 0.5184 1.4016, 1.0256 0.5169 1.3976, 1.0256 0.5169 1.4016, 1.0264 0.516 1.3976, 1.0264 0.516 1.4016, 1.0269 0.5151 1.3976, 1.0269 0.5151 1.4016, 1.0272 0.5141 1.3976, 1.0272 0.5141 1.4016, 1.0273 0.5132 1.3976, 1.0273 0.5132 1.4016, 1.0272 0.512 1.3976, 1.0272 0.512 1.4016, 1.0268 0.511 1.3976, 1.0268 0.511 1.4016, 1.0262 0.5101 1.3976, 1.0262 0.5101 1.4016, 1.0255 0.5095 1.3976, 1.0255 0.5095 1.4016, 1.0249 0.5091 1.3976, 1.0249 0.5091 1.4016, 1.0231 0.5085 1.3976, 1.0231 0.5085 1.4016, 1.0197 0.5081 1.3976, 1.0197 0.5081 1.4016, 1.0673 0.5416 1.4016, 1.0742 0.5416 1.4016, 1.0673 0.5416 1.3976, 1.0742 0.5416 1.3976, 1.0569 0.5129 1.4016, 1.0569 0.5129 1.3976, 1.0564 0.5112 1.3976, 1.0564 0.5112 1.4016, 1.0561 0.5098 1.3976, 1.0561 0.5098 1.4016, 1.0559 0.5098 1.4016, 1.0559 0.5098 1.3976, 1.0551 0.513 1.4016, 1.0551 0.513 1.3976, 1.0451 0.5416 1.4016, 1.0484 0.5324 1.3976, 1.0451 0.5416 1.3976, 1.0377 0.5416 1.4016, 1.0377 0.5416 1.3976, 1.0526 0.5036 1.4016, 1.0484 0.5144 1.3976, 1.0526 0.5036 1.3976, 1.0497 0.4967 1.3976, 1.0497 0.4967 1.4016, 1.0524 0.5031 1.3976, 1.0484 0.4943 1.3976, 1.0484 0.4943 1.3976, 1.0471 0.4929 1.4016, 1.0484 0.4943 1.4016, 1.0471 0.4929 1.3976, 1.0459 0.492 1.3976, 1.0459 0.492 1.4016, 1.0444 0.4915 1.3976, 1.0444 0.4915 1.4016, 1.0428 0.4913 1.3976, 1.0428 0.4913 1.4016, 1.0404 0.4916 1.3976, 1.0404 0.4916 1.4016, 1.039 0.4921 1.3976, 1.039 0.4921 1.4016, 1.039 0.4861 1.4016, 1.039 0.4861 1.3976, 1.0419 0.4856 1.3976, 1.0419 0.4856 1.4016, 1.0433 0.4856 1.3976, 1.0433 0.4856 1.4016, 1.046 0.4859 1.3976, 1.046 0.4859 1.4016, 1.0484 0.4868 1.3976, 1.0487 0.4869 1.4016, 1.0487 0.4869 1.3976, 1.051 0.4885 1.3976, 1.051 0.4885 1.4016, 1.0515 0.4889 1.3976, 1.0515 0.4889 1.4016, 1.0539 0.4919 1.3976, 1.0539 0.4919 1.4016, 1.0569 0.4978 1.3976, 1.0569 0.4978 1.4016, 1.059 0.5031 1.3976, 1.1102 0.5096 1.4016, 1.1102 0.5035 1.4016, 1.1102 0.5096 1.3976, 1.1102 0.5035 1.3976, 1.0883 0.5096 1.4016, 1.0983 0.5096 1.3976, 1.0883 0.5096 1.3976, 1.0883 0.5276 1.4016, 1.0883 0.5276 1.3976, 1.1074 0.5276 1.4016, 1.0983 0.5276 1.3976, 1.1074 0.5276 1.3976, 1.1074 0.5337 1.4016, 1.1074 0.5337 1.3976, 1.0883 0.5337 1.3976, 1.0883 0.5337 1.4016, 1.0983 0.5337 1.3976, 1.0883 0.5508 1.3976, 1.0883 0.5508 1.4016, 1.0883 0.5497 1.3976, 1.1089 0.5508 1.3976, 1.1089 0.5508 1.4016, 1.0983 0.5508 1.3976, 1.1089 0.5569 1.4016, 1.1089 0.5569 1.3976, 1.0815 0.5569 1.3976, 1.0815 0.5569 1.4016, 1.0983 0.5569 1.3976, 1.0815 0.5035 1.3976, 1.0815 0.5035 1.4016, 1.0815 0.5497 1.3976, 1.0983 0.5035 1.3976, 1.1535 0.5186 1.4016, 1.1508 0.5152 1.4016, 1.1557 0.511 1.4016, 1.1501 0.5145 1.4016, 1.15 0.507 1.4016, 1.1466 0.5122 1.4016, 1.1439 0.5046 1.4016, 1.1422 0.5105 1.4016, 1.1349 0.5035 1.4016, 1.1349 0.5096 1.4016, 1.1202 0.5035 1.4016, 1.1271 0.5096 1.4016, 1.1202 0.5569 1.4016, 1.1271 0.5508 1.4016, 1.1355 0.5569 1.4016, 1.1352 0.5508 1.4016, 1.1436 0.556 1.4016, 1.1421 0.55 1.4016, 1.1501 0.5536 1.4016, 1.1468 0.5483 1.4016, 1.1557 0.5498 1.4016, 1.1506 0.5457 1.4016, 1.1576 0.548 1.4016, 1.1525 0.5438 1.4016, 1.1609 0.5433 1.4016, 1.1545 0.5406 1.4016, 1.1628 0.5382 1.4016, 1.1559 0.5365 1.4016, 1.1637 0.5309 1.4016, 1.1565 0.5307 1.4016, 1.1635 0.5266 1.4016, 1.1563 0.5275 1.4016, 1.162 0.5205 1.4016, 1.1553 0.5226 1.4016, 1.1592 0.5151 1.4016, 1.1349 0.5035 1.3976, 1.1202 0.5035 1.3976, 1.1439 0.5046 1.3976, 1.15 0.507 1.3976, 1.1557 0.511 1.3976, 1.1592 0.5151 1.3976, 1.162 0.5205 1.3976, 1.1635 0.5266 1.3976, 1.1637 0.5309 1.3976, 1.1557 0.5498 1.3976, 1.1558 0.5497 1.3976, 1.1576 0.548 1.3976, 1.1609 0.5433 1.3976, 1.1628 0.5382 1.3976, 1.1501 0.5536 1.3976, 1.1436 0.556 1.3976, 1.1355 0.5569 1.3976, 1.1202 0.5569 1.3976, 1.1202 0.5497 1.3976, 1.1352 0.5508 1.3976, 1.1271 0.5508 1.3976, 1.1271 0.5096 1.3976, 1.1349 0.5096 1.3976, 1.1508 0.5152 1.3976, 1.1501 0.5145 1.3976, 1.1466 0.5122 1.3976, 1.1422 0.5105 1.3976, 1.1565 0.5307 1.3976, 1.1563 0.5275 1.3976, 1.1553 0.5226 1.3976, 1.1535 0.5186 1.3976, 1.1506 0.5457 1.3976, 1.1525 0.5438 1.3976, 1.1545 0.5406 1.3976, 1.1559 0.5365 1.3976, 1.1421 0.55 1.3976, 1.1468 0.5483 1.3976
            ]
        }
        coordIndex [
            0,1,2,-1,3,4,5,-1,3,5,6,-1,6,5,7,-1,6,7,2,-1,2,7,8,-1,2,8,0,-1,9,1,10,-1,10,1,0,-1,10,11,9,-1,9,11,12,-1,13,14,15,-1,15,14,12,-1,15,12,16,-1,16,12,11,-1,13,17,14,-1,14,17,18,-1,17,19,18,-1,18,19,20,-1,18,20,21,-1,21,20,22,-1,21,22,23,-1,23,22,24,-1,23,24,25,-1,25,24,26,-1,25,26,27,-1,27,26,28,-1,27,28,29,-1,29,28,30,-1,29,30,31,-1,31,30,32,-1,31,32,33,-1,33,32,34,-1,33,34,35,-1,35,34,36,-1,35,36,37,-1,37,36,38,-1,37,38,39,-1,39,38,40,-1,39,40,41,-1,41,40,42,-1,41,42,43,-1,43,42,44,-1,43,44,45,-1,45,44,46,-1,45,46,47,-1,47,46,48,-1,47,48,49,-1,49,48,50,-1,49,50,51,-1,51,50,52,-1,51,52,53,-1,53,52,54,-1,53,54,55,-1,55,54,56,-1,55,56,57,-1,57,56,58,-1,57,58,59,-1,59,58,60,-1,59,60,61,-1,61,60,62,-1,61,62,63,-1,63,62,64,-1,63,64,65,-1,65,64,66,-1,65,66,67,-1,67,66,68,-1,67,68,69,-1,69,68,70,-1,69,70,71,-1,71,70,72,-1,71,72,73,-1,73,72,74,-1,73,74,75,-1,76,75,77,-1,77,75,74,-1,76,77,78,-1,76,78,79,-1,79,78,80,-1,79,80,81,-1,81,80,82,-1,81,82,83,-1,83,82,84,-1,83,84,85,-1,85,84,86,-1,85,86,87,-1,86,88,87,-1,87,88,89,-1,88,90,89,-1,89,90,91,-1,89,91,92,-1,92,91,93,-1,92,93,94,-1,94,93,95,-1,94,95,96,-1,96,95,97,-1,96,97,98,-1,98,97,99,-1,98,99,100,-1,100,99,101,-1,100,101,102,-1,103,104,105,-1,102,101,106,-1,102,106,107,-1,107,106,108,-1,107,108,105,-1,105,108,109,-1,105,109,103,-1,104,103,110,-1,104,110,111,-1,111,110,112,-1,111,112,113,-1,113,112,114,-1,113,114,115,-1,115,114,116,-1,115,116,117,-1,117,116,118,-1,117,118,119,-1,119,118,120,-1,119,120,121,-1,121,120,122,-1,121,122,123,-1,123,122,124,-1,123,124,125,-1,125,124,126,-1,125,126,127,-1,127,126,128,-1,127,128,129,-1,129,128,130,-1,129,130,131,-1,131,130,132,-1,131,132,133,-1,133,132,134,-1,133,134,135,-1,135,134,4,-1,135,4,3,-1,61,63,85,-1,85,63,83,-1,111,43,104,-1,104,43,45,-1,14,3,12,-1,12,3,6,-1,12,6,9,-1,9,6,2,-1,9,2,1,-1,63,65,83,-1,83,65,67,-1,83,67,81,-1,81,67,69,-1,81,69,79,-1,79,69,71,-1,79,71,76,-1,76,71,73,-1,76,73,75,-1,21,23,127,-1,127,23,25,-1,127,25,125,-1,125,25,27,-1,125,27,123,-1,123,27,29,-1,123,29,121,-1,121,29,31,-1,121,31,119,-1,119,31,33,-1,119,33,117,-1,117,33,35,-1,117,35,115,-1,115,35,37,-1,115,37,113,-1,113,37,39,-1,113,39,111,-1,111,39,41,-1,111,41,43,-1,127,129,21,-1,21,129,131,-1,21,131,18,-1,18,131,133,-1,18,133,14,-1,14,133,135,-1,14,135,3,-1,85,87,61,-1,61,87,89,-1,61,89,59,-1,59,89,92,-1,59,92,57,-1,57,92,94,-1,57,94,55,-1,55,94,96,-1,55,96,53,-1,53,96,98,-1,53,98,51,-1,51,98,100,-1,51,100,49,-1,49,100,102,-1,49,102,47,-1,47,102,107,-1,47,107,45,-1,45,107,105,-1,45,105,104,-1,136,137,138,-1,138,137,139,-1,140,136,141,-1,141,136,138,-1,140,141,142,-1,140,142,143,-1,143,142,144,-1,143,144,145,-1,146,145,147,-1,147,145,144,-1,148,146,149,-1,149,146,147,-1,148,149,150,-1,150,149,151,-1,150,151,152,-1,153,150,154,-1,154,150,152,-1,153,154,155,-1,155,154,156,-1,155,156,157,-1,158,159,160,-1,160,159,155,-1,160,155,157,-1,159,158,161,-1,162,163,161,-1,161,163,164,-1,161,164,159,-1,162,165,163,-1,163,165,166,-1,163,166,167,-1,167,166,168,-1,167,168,169,-1,169,168,170,-1,169,170,171,-1,171,170,172,-1,171,172,173,-1,173,172,174,-1,173,174,175,-1,176,175,177,-1,177,175,174,-1,176,177,178,-1,176,178,179,-1,179,178,180,-1,179,180,181,-1,181,180,182,-1,181,182,183,-1,183,182,184,-1,183,184,185,-1,184,186,185,-1,185,186,187,-1,185,187,188,-1,188,187,189,-1,188,189,190,-1,190,189,191,-1,190,191,192,-1,192,191,193,-1,192,193,194,-1,139,137,195,-1,195,137,194,-1,195,194,193,-1,143,145,194,-1,137,136,194,-1,194,136,140,-1,194,140,143,-1,150,153,148,-1,148,153,155,-1,148,155,146,-1,192,164,190,-1,190,164,163,-1,175,176,173,-1,173,176,179,-1,173,179,171,-1,171,179,181,-1,171,181,169,-1,169,181,183,-1,169,183,167,-1,167,183,185,-1,167,185,163,-1,163,185,188,-1,163,188,190,-1,145,146,194,-1,194,146,155,-1,194,155,192,-1,192,155,159,-1,192,159,164,-1,196,197,198,-1,198,197,199,-1,196,198,200,-1,200,198,201,-1,200,201,202,-1,203,200,204,-1,204,200,202,-1,203,204,205,-1,205,204,206,-1,205,206,207,-1,208,205,209,-1,209,205,207,-1,210,211,212,-1,212,211,208,-1,212,208,209,-1,213,214,215,-1,215,214,211,-1,215,211,210,-1,216,217,218,-1,218,217,214,-1,218,214,213,-1,219,217,220,-1,220,217,216,-1,221,222,223,-1,223,222,219,-1,223,219,220,-1,224,225,226,-1,226,225,222,-1,226,222,221,-1,225,224,197,-1,197,224,227,-1,197,227,199,-1,225,197,196,-1,196,200,225,-1,225,200,203,-1,225,203,222,-1,217,219,214,-1,214,219,222,-1,214,222,211,-1,211,222,203,-1,211,203,208,-1,208,203,205,-1,228,229,230,-1,230,229,231,-1,230,231,232,-1,232,231,233,-1,232,233,234,-1,234,233,235,-1,234,235,236,-1,236,235,237,-1,236,237,238,-1,238,237,239,-1,238,239,240,-1,240,239,241,-1,240,241,242,-1,242,241,243,-1,242,243,244,-1,244,243,245,-1,244,245,246,-1,246,245,247,-1,246,247,248,-1,248,247,249,-1,248,249,250,-1,250,249,251,-1,250,251,252,-1,252,251,253,-1,252,253,254,-1,254,253,255,-1,254,255,256,-1,256,255,257,-1,256,257,258,-1,258,257,259,-1,258,259,260,-1,260,259,261,-1,260,261,262,-1,262,261,228,-1,262,228,230,-1,236,238,263,-1,263,238,264,-1,236,263,265,-1,236,265,234,-1,234,265,266,-1,234,266,232,-1,232,266,267,-1,232,267,230,-1,230,267,268,-1,230,268,262,-1,262,268,269,-1,262,269,260,-1,260,269,270,-1,260,270,258,-1,258,270,271,-1,258,271,256,-1,272,248,273,-1,273,248,250,-1,273,250,274,-1,274,250,252,-1,274,252,275,-1,275,252,254,-1,275,254,276,-1,276,254,256,-1,276,256,271,-1,248,272,277,-1,248,277,246,-1,246,277,278,-1,246,278,244,-1,244,278,279,-1,244,279,242,-1,240,242,280,-1,280,242,279,-1,264,238,281,-1,281,238,240,-1,281,240,280,-1,243,241,282,-1,282,241,283,-1,241,239,283,-1,283,239,284,-1,239,237,284,-1,284,237,285,-1,229,286,287,-1,229,287,231,-1,231,287,288,-1,231,288,233,-1,233,288,289,-1,233,289,235,-1,235,289,285,-1,235,285,237,-1,257,290,291,-1,257,291,259,-1,259,291,292,-1,259,292,261,-1,261,292,293,-1,261,293,228,-1,228,293,286,-1,228,286,229,-1,249,294,295,-1,249,295,251,-1,251,295,296,-1,251,296,253,-1,253,296,297,-1,253,297,255,-1,255,297,290,-1,255,290,257,-1,243,282,298,-1,243,298,245,-1,245,298,299,-1,245,299,247,-1,247,299,294,-1,247,294,249,-1,
        ]
    }
}
Shape{
    appearance Appearance {
        material  Material 	{
            diffuseColor 0.7529411764705882 0.7529411764705882 0.7529411764705882
            specularColor 0.3764705882352941 0.3764705882352941 0.3764705882352941
            ambientIntensity 0.7529
            transparency 0.0
            shininess 0.5
        }
    }
    geometry IndexedFaceSet {
        ccw TRUE
        solid FALSE
        coord DEF co Coordinate {
            point [
                1.1271 0.5508 1.3976, 1.1271 0.5096 1.3976, 1.1352 0.5508 1.3976, 1.1349 0.5096 1.3976, 1.1422 0.5105 1.3976, 1.1466 0.5122 1.3976, 1.1501 0.5145 1.3976, 1.1508 0.5152 1.3976, 1.1563 0.5275 1.3976, 1.1565 0.5307 1.3976, 1.1559 0.5365 1.3976, 1.1545 0.5406 1.3976, 1.1525 0.5438 1.3976, 1.1506 0.5457 1.3976, 1.1421 0.55 1.3976, 1.1468 0.5483 1.3976, 1.1535 0.5186 1.3976, 1.1553 0.5226 1.3976
            ]
        }
        coordIndex [
            0,1,2,-1,2,1,3,-1,2,3,4,-1,4,5,2,-1,2,5,6,-1,2,6,7,-1,8,9,2,-1,2,9,10,-1,2,10,11,-1,11,12,2,-1,2,12,13,-1,2,13,14,-1,14,13,15,-1,7,16,2,-1,2,16,17,-1,2,17,8,-1,
        ]
    }
}
Shape{
    appearance Appearance {
        material  Material 	{
            diffuseColor 0.25098039215686274 0.25098039215686274 0.25098039215686274
            specularColor 0.12549019607843137 0.12549019607843137 0.12549019607843137
            ambientIntensity 0.251
            transparency 0.0
            shininess 0.5
        }
    }
    geometry IndexedFaceSet {
        ccw TRUE
        solid FALSE
        coord DEF co Coordinate {
            point [
                1.1816 0.5241 1.4016, 1.1794 0.5181 1.4016, 1.1995 0.5241 1.4016, 1.2016 0.5181 1.4016, 1.1896 0.5463 1.4016, 1.187 0.5569 1.4016, 1.1667 0.5035 1.4016, 1.1743 0.5035 1.4016, 1.19 0.5479 1.4016, 1.1905 0.5501 1.4016, 1.1944 0.5569 1.4016, 1.1906 0.5501 1.4016, 1.191 0.5478 1.4016, 1.1914 0.5463 1.4016, 1.2147 0.5035 1.4016, 1.2071 0.5035 1.4016, 1.2147 0.5035 1.3976, 1.1971 0.5497 1.3976, 1.1944 0.5569 1.3976, 1.187 0.5569 1.3976, 1.1667 0.5035 1.3976, 1.1843 0.5497 1.3976, 1.1743 0.5035 1.3976, 1.1794 0.5181 1.3976, 1.2016 0.5181 1.3976, 1.2071 0.5035 1.3976, 1.1816 0.5241 1.3976, 1.1995 0.5241 1.3976, 1.1914 0.5463 1.3976, 1.1906 0.5501 1.3976, 1.191 0.5478 1.3976, 1.1905 0.5501 1.3976, 1.1896 0.5463 1.3976, 1.19 0.5479 1.3976
            ]
        }
        coordIndex [
            0,1,2,-1,2,1,3,-1,4,5,0,-1,0,5,6,-1,0,6,1,-1,1,6,7,-1,4,8,5,-1,5,8,9,-1,5,9,10,-1,10,9,11,-1,10,11,12,-1,12,13,10,-1,10,13,2,-1,10,2,14,-1,14,2,3,-1,14,3,15,-1,14,16,10,-1,10,16,17,-1,10,17,18,-1,5,10,19,-1,19,10,18,-1,20,6,21,-1,21,6,5,-1,21,5,19,-1,7,6,22,-1,22,6,20,-1,1,7,23,-1,23,7,22,-1,3,1,24,-1,24,1,23,-1,15,3,25,-1,25,3,24,-1,14,15,16,-1,16,15,25,-1,0,2,26,-1,26,2,27,-1,2,13,27,-1,27,13,28,-1,11,29,30,-1,11,30,12,-1,12,30,28,-1,12,28,13,-1,11,9,29,-1,29,9,31,-1,4,32,33,-1,4,33,8,-1,8,33,31,-1,8,31,9,-1,4,0,32,-1,32,0,26,-1,
        ]
    }
}
Shape{
    appearance Appearance {
        material  Material 	{
            diffuseColor 0.7529411764705882 0.7529411764705882 0.7529411764705882
            specularColor 0.3764705882352941 0.3764705882352941 0.3764705882352941
            ambientIntensity 0.7529
            transparency 0.0
            shininess 0.5
        }
    }
    geometry IndexedFaceSet {
        ccw TRUE
        solid FALSE
        coord DEF co Coordinate {
            point [
                1.1906 0.5501 1.3976, 1.1905 0.5501 1.3976, 1.191 0.5478 1.3976, 1.19 0.5479 1.3976, 1.1914 0.5463 1.3976, 1.1896 0.5463 1.3976, 1.1995 0.5241 1.3976, 1.1816 0.5241 1.3976
            ]
        }
        coordIndex [
            0,1,2,-1,2,1,3,-1,2,3,4,-1,4,3,5,-1,4,5,6,-1,6,5,7,-1,
        ]
    }
}
Shape{
    appearance Appearance {
        material  Material 	{
            diffuseColor 0.25098039215686274 0.25098039215686274 0.25098039215686274
            specularColor 0.12549019607843137 0.12549019607843137 0.12549019607843137
            ambientIntensity 0.251
            transparency 0.0
            shininess 0.5
        }
    }
    geometry IndexedFaceSet {
        ccw TRUE
        solid FALSE
        coord DEF co Coordinate {
            point [
                0.6979 0.4959 1.4016, 0.7035 0.489 1.4016, 0.6945 0.5295 1.4016, 0.6878 0.5954 1.4016, 0.6963 0.5999 1.4016, 0.6943 0.6233 1.4016, 0.718 0.6244 1.4016, 0.7297 0.5967 1.4016, 0.7355 0.6087 1.4016, 0.6862 0.5346 1.4016, 0.6893 0.5055 1.4016, 0.6941 0.5041 1.4016, 0.7093 0.6252 1.4016, 0.7329 0.5303 1.4016, 0.7364 0.5291 1.4016, 0.7681 0.52 1.4016, 0.7395 0.527 1.4016, 0.7419 0.5243 1.4016, 0.8212 0.5481 1.4016, 0.8094 0.5682 1.4016, 0.7586 0.5417 1.4016, 0.7297 0.5307 1.4016, 0.726 0.5302 1.4016, 0.7211 0.5534 1.4016, 0.7227 0.5289 1.4016, 0.7127 0.5502 1.4016, 0.7198 0.5268 1.4016, 0.7049 0.5448 1.4016, 0.7183 0.5252 1.4016, 0.6986 0.5377 1.4016, 0.7163 0.522 1.4016, 0.7152 0.5185 1.4016, 0.715 0.5148 1.4016, 0.7439 0.552 1.4016, 0.7347 0.5543 1.4016, 0.7301 0.5546 1.4016, 0.7436 0.5211 1.4016, 0.7444 0.5176 1.4016, 0.7681 0.5162 1.4016, 0.7444 0.5142 1.4016, 0.7679 0.5122 1.4016, 0.8337 0.5857 1.4016, 0.8368 0.5857 1.4016, 0.8523 0.6062 1.4016, 0.844 0.5848 1.4016, 0.8542 0.6056 1.4016, 0.8506 0.5822 1.4016, 0.8655 0.6 1.4016, 0.8758 0.5913 1.4016, 0.7258 0.6335 1.4016, 0.7441 0.6189 1.4016, 0.7347 0.6411 1.4016, 0.7542 0.6263 1.4016, 0.744 0.6469 1.4016, 0.7056 0.6022 1.4016, 0.7096 0.6024 1.4016, 0.7136 0.6249 1.4016, 0.7186 0.6013 1.4016, 0.7271 0.5982 1.4016, 0.7519 0.5477 1.4016, 0.8759 0.5204 1.4016, 0.8582 0.5355 1.4016, 0.8655 0.5117 1.4016, 0.8526 0.5309 1.4016, 0.854 0.506 1.4016, 0.8459 0.5278 1.4016, 0.8413 0.5033 1.4016, 0.8391 0.5265 1.4016, 0.8189 0.5033 1.4016, 0.822 0.5265 1.4016, 0.8168 0.5037 1.4016, 0.7157 0.5112 1.4016, 0.7172 0.508 1.4016, 0.8565 0.5781 1.4016, 0.8609 0.5733 1.4016, 0.8835 0.5805 1.4016, 0.8644 0.5667 1.4016, 0.8882 0.5689 1.4016, 0.8662 0.5594 1.4016, 0.8899 0.5565 1.4016, 0.8664 0.5561 1.4016, 0.8882 0.5429 1.4016, 0.8655 0.5487 1.4016, 0.8834 0.5309 1.4016, 0.8628 0.5419 1.4016, 0.8587 0.536 1.4016, 0.8318 0.6362 1.4016, 0.817 0.6187 1.4016, 0.8444 0.6216 1.4016, 0.8255 0.6085 1.4016, 0.8314 0.5963 1.4016, 0.6728 0.5736 1.4016, 0.6479 0.5673 1.4016, 0.6717 0.5644 1.4016, 0.6478 0.5637 1.4016, 0.6721 0.5585 1.4016, 0.6496 0.5488 1.4016, 0.6749 0.5493 1.4016, 0.655 0.5347 1.4016, 0.6794 0.5416 1.4016, 0.6637 0.5223 1.4016, 0.6756 0.5122 1.4016, 0.7656 0.5029 1.4016, 0.7435 0.5105 1.4016, 0.7611 0.4944 1.4016, 0.7418 0.5073 1.4016, 0.7553 0.4879 1.4016, 0.7397 0.5049 1.4016, 0.7478 0.4827 1.4016, 0.7368 0.5029 1.4016, 0.7393 0.4794 1.4016, 0.7335 0.5015 1.4016, 0.7301 0.4783 1.4016, 0.7297 0.5011 1.4016, 0.7287 0.4783 1.4016, 0.7291 0.5011 1.4016, 0.7197 0.4797 1.4016, 0.7257 0.5016 1.4016, 0.711 0.4834 1.4016, 0.7223 0.5031 1.4016, 0.7194 0.5053 1.4016, 0.7615 0.6536 1.4016, 0.7666 0.6313 1.4016, 0.7802 0.6559 1.4016, 0.7806 0.6331 1.4016, 0.7965 0.6541 1.4016, 0.7935 0.6315 1.4016, 0.8155 0.6473 1.4016, 0.8054 0.627 1.4016, 0.816 0.6196 1.4016, 0.6802 0.6179 1.4016, 0.6682 0.6094 1.4016, 0.6813 0.5897 1.4016, 0.6656 0.6069 1.4016, 0.6761 0.5821 1.4016, 0.6565 0.5952 1.4016, 0.6504 0.5816 1.4016, 0.8201 0.5268 1.4016, 0.8109 0.5073 1.4016, 0.8118 0.5064 1.4016, 0.8212 0.5266 1.4016, 0.8143 0.5047 1.4016, 0.8079 0.5151 1.4016, 0.8083 0.5123 1.4016, 0.8093 0.5097 1.4016, 0.8168 0.5265 1.4016, 0.8141 0.5255 1.4016, 0.808 0.5166 1.4016, 0.8118 0.5238 1.4016, 0.8102 0.5221 1.4016, 0.8088 0.5195 1.4016, 0.8197 0.5269 1.4016, 0.8835 0.5805 1.3976, 0.8882 0.5689 1.3976, 0.8899 0.5565 1.3976, 0.8783 0.5877 1.3976, 0.8758 0.5913 1.3976, 0.8655 0.6 1.3976, 0.8542 0.6056 1.3976, 0.8523 0.6062 1.3976, 0.8444 0.6216 1.3976, 0.8318 0.6362 1.3976, 0.8232 0.642 1.3976, 0.8155 0.6473 1.3976, 0.7965 0.6541 1.3976, 0.7802 0.6559 1.3976, 0.7347 0.6411 1.3976, 0.7362 0.642 1.3976, 0.744 0.6469 1.3976, 0.7615 0.6536 1.3976, 0.7258 0.6335 1.3976, 0.718 0.6244 1.3976, 0.7136 0.6249 1.3976, 0.7093 0.6252 1.3976, 0.6943 0.6233 1.3976, 0.6802 0.6179 1.3976, 0.6682 0.6094 1.3976, 0.6656 0.6069 1.3976, 0.6565 0.5952 1.3976, 0.6532 0.5877 1.3976, 0.6504 0.5816 1.3976, 0.6479 0.5673 1.3976, 0.6478 0.5637 1.3976, 0.6495 0.5497 1.3976, 0.6496 0.5488 1.3976, 0.655 0.5347 1.3976, 0.6637 0.5223 1.3976, 0.6756 0.5122 1.3976, 0.6893 0.5055 1.3976, 0.6941 0.5041 1.3976, 0.6946 0.5031 1.3976, 0.6979 0.4959 1.3976, 0.7035 0.489 1.3976, 0.711 0.4834 1.3976, 0.7144 0.4819 1.3976, 0.7197 0.4797 1.3976, 0.7287 0.4783 1.3976, 0.7301 0.4783 1.3976, 0.7681 0.5162 1.3976, 0.7393 0.4794 1.3976, 0.7458 0.4819 1.3976, 0.7478 0.4827 1.3976, 0.7553 0.4879 1.3976, 0.7611 0.4944 1.3976, 0.7656 0.5029 1.3976, 0.7657 0.5031 1.3976, 0.7679 0.5122 1.3976, 0.7681 0.52 1.3976, 0.8212 0.5481 1.3976, 0.8094 0.5682 1.3976, 0.8203 0.5497 1.3976, 0.7586 0.5417 1.3976, 0.774 0.5497 1.3976, 0.7519 0.5477 1.3976, 0.7482 0.5497 1.3976, 0.7439 0.552 1.3976, 0.7347 0.5543 1.3976, 0.7301 0.5546 1.3976, 0.7211 0.5534 1.3976, 0.7127 0.5502 1.3976, 0.7119 0.5497 1.3976, 0.7049 0.5448 1.3976, 0.6986 0.5377 1.3976, 0.6945 0.5295 1.3976, 0.6717 0.5644 1.3976, 0.6862 0.5346 1.3976, 0.6794 0.5416 1.3976, 0.6749 0.5493 1.3976, 0.6747 0.5497 1.3976, 0.6721 0.5585 1.3976, 0.6761 0.5821 1.3976, 0.6728 0.5736 1.3976, 0.68 0.5877 1.3976, 0.6813 0.5897 1.3976, 0.6878 0.5954 1.3976, 0.6963 0.5999 1.3976, 0.7056 0.6022 1.3976, 0.7096 0.6024 1.3976, 0.7186 0.6013 1.3976, 0.7271 0.5982 1.3976, 0.7297 0.5967 1.3976, 0.7355 0.6087 1.3976, 0.7441 0.6189 1.3976, 0.7542 0.6263 1.3976, 0.7666 0.6313 1.3976, 0.7806 0.6331 1.3976, 0.8337 0.5857 1.3976, 0.8333 0.5877 1.3976, 0.8314 0.5963 1.3976, 0.8255 0.6085 1.3976, 0.817 0.6187 1.3976, 0.816 0.6196 1.3976, 0.8054 0.627 1.3976, 0.7935 0.6315 1.3976, 0.8368 0.5857 1.3976, 0.844 0.5848 1.3976, 0.8506 0.5822 1.3976, 0.8565 0.5781 1.3976, 0.8609 0.5733 1.3976, 0.8644 0.5667 1.3976, 0.8662 0.5594 1.3976, 0.8664 0.5561 1.3976, 0.8656 0.5497 1.3976, 0.8655 0.5487 1.3976, 0.8628 0.5419 1.3976, 0.8587 0.536 1.3976, 0.8582 0.5355 1.3976, 0.8526 0.5309 1.3976, 0.8459 0.5278 1.3976, 0.8391 0.5265 1.3976, 0.822 0.5265 1.3976, 0.8212 0.5266 1.3976, 0.8201 0.5268 1.3976, 0.8197 0.5269 1.3976, 0.8168 0.5265 1.3976, 0.8141 0.5255 1.3976, 0.8118 0.5238 1.3976, 0.8102 0.5221 1.3976, 0.8088 0.5195 1.3976, 0.808 0.5166 1.3976, 0.8079 0.5151 1.3976, 0.8083 0.5123 1.3976, 0.8093 0.5097 1.3976, 0.8109 0.5073 1.3976, 0.8118 0.5064 1.3976, 0.8143 0.5047 1.3976, 0.8168 0.5037 1.3976, 0.8189 0.5033 1.3976, 0.8413 0.5033 1.3976, 0.854 0.506 1.3976, 0.8655 0.5117 1.3976, 0.8759 0.5204 1.3976, 0.8834 0.5309 1.3976, 0.8882 0.5429 1.3976, 0.889 0.5497 1.3976, 0.7297 0.5307 1.3976, 0.7329 0.5303 1.3976, 0.7364 0.5291 1.3976, 0.7395 0.527 1.3976, 0.7419 0.5243 1.3976, 0.7436 0.5211 1.3976, 0.7444 0.5176 1.3976, 0.7444 0.5142 1.3976, 0.7435 0.5105 1.3976, 0.7418 0.5073 1.3976, 0.7397 0.5049 1.3976, 0.7368 0.5029 1.3976, 0.7335 0.5015 1.3976, 0.7297 0.5011 1.3976, 0.7291 0.5011 1.3976, 0.7257 0.5016 1.3976, 0.7223 0.5031 1.3976, 0.7194 0.5053 1.3976, 0.7172 0.508 1.3976, 0.7157 0.5112 1.3976, 0.715 0.5148 1.3976, 0.7152 0.5185 1.3976, 0.7163 0.522 1.3976, 0.7183 0.5252 1.3976, 0.7198 0.5268 1.3976, 0.7227 0.5289 1.3976, 0.726 0.5302 1.3976
            ]
        }
        coordIndex [
            0,1,2,-1,3,4,5,-1,6,7,8,-1,9,10,2,-1,2,10,11,-1,2,11,0,-1,5,4,12,-1,13,14,15,-1,15,14,16,-1,15,16,17,-1,18,19,15,-1,15,19,20,-1,15,20,13,-1,13,20,21,-1,22,23,24,-1,24,23,25,-1,24,25,26,-1,26,25,27,-1,26,27,28,-1,28,27,29,-1,28,29,30,-1,30,29,2,-1,30,2,31,-1,31,2,32,-1,33,34,22,-1,22,34,35,-1,22,35,23,-1,17,36,15,-1,15,36,37,-1,15,37,38,-1,38,37,39,-1,38,39,40,-1,41,42,43,-1,43,42,44,-1,43,44,45,-1,45,44,46,-1,45,46,47,-1,47,46,48,-1,6,8,49,-1,49,8,50,-1,49,50,51,-1,51,50,52,-1,51,52,53,-1,4,54,12,-1,12,54,55,-1,12,55,56,-1,56,55,57,-1,56,57,6,-1,6,57,58,-1,6,58,7,-1,21,20,22,-1,22,20,59,-1,22,59,33,-1,60,61,62,-1,62,61,63,-1,62,63,64,-1,64,63,65,-1,64,65,66,-1,66,65,67,-1,66,67,68,-1,68,67,69,-1,68,69,70,-1,32,2,71,-1,71,2,1,-1,71,1,72,-1,46,73,48,-1,48,73,74,-1,48,74,75,-1,75,74,76,-1,75,76,77,-1,77,76,78,-1,77,78,79,-1,79,78,80,-1,79,80,81,-1,81,80,82,-1,81,82,83,-1,83,82,84,-1,83,84,60,-1,60,84,85,-1,60,85,61,-1,86,87,88,-1,88,87,89,-1,88,89,43,-1,43,89,90,-1,43,90,41,-1,91,92,93,-1,93,92,94,-1,93,94,95,-1,95,94,96,-1,95,96,97,-1,97,96,98,-1,97,98,99,-1,99,98,100,-1,99,100,9,-1,9,100,101,-1,9,101,10,-1,40,39,102,-1,102,39,103,-1,102,103,104,-1,104,103,105,-1,104,105,106,-1,106,105,107,-1,106,107,108,-1,108,107,109,-1,108,109,110,-1,110,109,111,-1,110,111,112,-1,112,111,113,-1,112,113,114,-1,114,113,115,-1,114,115,116,-1,116,115,117,-1,116,117,118,-1,118,117,119,-1,118,119,1,-1,1,119,120,-1,1,120,72,-1,53,52,121,-1,121,52,122,-1,121,122,123,-1,123,122,124,-1,123,124,125,-1,125,124,126,-1,125,126,127,-1,127,126,128,-1,127,128,86,-1,86,128,129,-1,86,129,87,-1,5,130,3,-1,3,130,131,-1,3,131,132,-1,132,131,133,-1,132,133,134,-1,134,133,135,-1,134,135,91,-1,91,135,136,-1,91,136,92,-1,137,138,139,-1,69,140,70,-1,70,140,137,-1,70,137,141,-1,141,137,139,-1,142,143,137,-1,137,143,144,-1,137,144,138,-1,145,146,147,-1,146,148,147,-1,147,148,149,-1,147,149,150,-1,142,137,147,-1,147,137,151,-1,147,151,145,-1,152,77,153,-1,153,77,79,-1,153,79,154,-1,155,48,152,-1,152,48,75,-1,152,75,77,-1,155,156,48,-1,48,156,157,-1,48,157,47,-1,47,157,158,-1,47,158,45,-1,45,158,159,-1,45,159,43,-1,43,159,160,-1,43,160,88,-1,88,160,161,-1,88,161,86,-1,86,161,127,-1,127,161,162,-1,162,163,127,-1,127,163,164,-1,127,164,125,-1,125,164,165,-1,125,165,123,-1,166,51,167,-1,167,51,53,-1,167,53,168,-1,168,53,121,-1,168,121,169,-1,169,121,123,-1,169,123,165,-1,51,166,170,-1,51,170,49,-1,49,170,171,-1,49,171,6,-1,6,171,172,-1,6,172,56,-1,56,172,173,-1,56,173,12,-1,12,173,174,-1,12,174,5,-1,5,174,175,-1,5,175,130,-1,130,175,176,-1,130,176,131,-1,131,176,177,-1,131,177,133,-1,133,177,178,-1,179,136,178,-1,178,136,135,-1,178,135,133,-1,179,180,136,-1,136,180,181,-1,136,181,92,-1,92,181,182,-1,92,182,94,-1,182,183,94,-1,94,183,96,-1,183,184,96,-1,96,184,185,-1,96,185,98,-1,98,185,186,-1,98,186,100,-1,100,186,187,-1,100,187,101,-1,101,187,188,-1,101,188,10,-1,10,188,189,-1,10,189,11,-1,11,189,190,-1,11,190,0,-1,190,191,0,-1,0,191,192,-1,0,192,1,-1,1,192,193,-1,1,193,118,-1,118,193,194,-1,118,194,116,-1,194,195,116,-1,116,195,196,-1,116,196,114,-1,114,196,197,-1,114,197,112,-1,198,38,40,-1,112,197,199,-1,112,199,110,-1,110,199,200,-1,110,200,108,-1,200,201,108,-1,108,201,202,-1,108,202,106,-1,106,202,203,-1,106,203,104,-1,104,203,204,-1,104,204,102,-1,102,204,205,-1,102,205,40,-1,40,205,206,-1,40,206,198,-1,15,38,207,-1,207,38,198,-1,18,15,208,-1,208,15,207,-1,209,19,210,-1,210,19,18,-1,210,18,208,-1,211,20,212,-1,212,20,19,-1,212,19,209,-1,20,211,213,-1,20,213,59,-1,59,213,214,-1,59,214,33,-1,214,215,33,-1,33,215,216,-1,33,216,34,-1,34,216,217,-1,34,217,35,-1,35,217,218,-1,35,218,23,-1,23,218,219,-1,23,219,25,-1,25,219,220,-1,25,220,27,-1,220,221,27,-1,27,221,222,-1,27,222,29,-1,29,222,223,-1,29,223,2,-1,224,93,95,-1,2,223,225,-1,2,225,9,-1,9,225,226,-1,9,226,99,-1,99,226,227,-1,99,227,97,-1,97,227,228,-1,97,228,95,-1,95,228,229,-1,95,229,224,-1,230,91,231,-1,231,91,93,-1,231,93,224,-1,232,132,230,-1,230,132,134,-1,230,134,91,-1,232,233,132,-1,132,233,234,-1,132,234,3,-1,3,234,235,-1,3,235,4,-1,4,235,236,-1,4,236,54,-1,54,236,237,-1,54,237,55,-1,55,237,238,-1,55,238,57,-1,57,238,239,-1,57,239,58,-1,58,239,240,-1,58,240,7,-1,7,240,241,-1,7,241,8,-1,8,241,242,-1,8,242,50,-1,50,242,243,-1,50,243,52,-1,52,243,244,-1,52,244,122,-1,122,244,245,-1,122,245,124,-1,246,41,247,-1,247,41,90,-1,247,90,248,-1,248,90,89,-1,248,89,249,-1,249,89,87,-1,249,87,250,-1,250,87,129,-1,250,129,251,-1,251,129,128,-1,251,128,252,-1,252,128,126,-1,252,126,253,-1,253,126,124,-1,253,124,245,-1,42,41,254,-1,254,41,246,-1,42,254,255,-1,42,255,44,-1,44,255,256,-1,44,256,46,-1,46,256,257,-1,46,257,73,-1,73,257,258,-1,73,258,74,-1,74,258,259,-1,74,259,76,-1,76,259,260,-1,76,260,78,-1,78,260,261,-1,78,261,80,-1,261,262,80,-1,80,262,82,-1,262,263,82,-1,82,263,264,-1,82,264,84,-1,84,264,265,-1,84,265,85,-1,85,265,266,-1,85,266,61,-1,61,266,267,-1,61,267,63,-1,63,267,268,-1,63,268,65,-1,65,268,269,-1,65,269,67,-1,69,67,270,-1,270,67,269,-1,69,270,271,-1,69,271,140,-1,140,271,272,-1,140,272,137,-1,137,272,273,-1,137,273,151,-1,151,273,274,-1,151,274,145,-1,145,274,275,-1,145,275,146,-1,146,275,276,-1,146,276,148,-1,148,276,277,-1,148,277,149,-1,149,277,278,-1,149,278,150,-1,150,278,279,-1,150,279,147,-1,147,279,280,-1,147,280,142,-1,142,280,281,-1,142,281,143,-1,143,281,282,-1,143,282,144,-1,144,282,283,-1,144,283,138,-1,138,283,284,-1,138,284,139,-1,139,284,285,-1,139,285,141,-1,141,285,286,-1,141,286,70,-1,70,286,287,-1,70,287,68,-1,66,68,288,-1,288,68,287,-1,66,288,289,-1,66,289,64,-1,64,289,290,-1,64,290,62,-1,62,290,291,-1,62,291,60,-1,60,291,292,-1,60,292,83,-1,83,292,293,-1,83,293,81,-1,81,293,79,-1,79,293,294,-1,79,294,154,-1,21,295,296,-1,21,296,13,-1,13,296,297,-1,13,297,14,-1,14,297,298,-1,14,298,16,-1,16,298,299,-1,16,299,17,-1,17,299,300,-1,17,300,36,-1,36,300,301,-1,36,301,37,-1,37,301,302,-1,37,302,39,-1,39,302,303,-1,39,303,103,-1,103,303,304,-1,103,304,105,-1,105,304,305,-1,105,305,107,-1,107,305,306,-1,107,306,109,-1,109,306,307,-1,109,307,111,-1,111,307,308,-1,111,308,113,-1,113,308,309,-1,113,309,115,-1,115,309,310,-1,115,310,117,-1,117,310,311,-1,117,311,119,-1,119,311,312,-1,119,312,120,-1,120,312,313,-1,120,313,72,-1,72,313,314,-1,72,314,71,-1,71,314,315,-1,71,315,32,-1,32,315,316,-1,32,316,31,-1,31,316,317,-1,31,317,30,-1,30,317,318,-1,30,318,28,-1,28,318,319,-1,28,319,26,-1,26,319,320,-1,26,320,24,-1,24,320,321,-1,24,321,22,-1,22,321,295,-1,22,295,21,-1,
        ]
    }
}
Shape{
    appearance Appearance {
        material  Material 	{
            diffuseColor 0.7529411764705882 0.7529411764705882 0.7529411764705882
            specularColor 0.3764705882352941 0.3764705882352941 0.3764705882352941
            ambientIntensity 0.7529
            transparency 0.0
            shininess 0.5
        }
    }
    geometry IndexedFaceSet {
        ccw TRUE
        solid FALSE
        coord DEF co Coordinate {
            point [
                0.7291 0.5011 1.3976, 0.7198 0.5268 1.3976, 0.7183 0.5252 1.3976, 0.7335 0.5015 1.3976, 0.7368 0.5029 1.3976, 0.7329 0.5303 1.3976, 0.7297 0.5307 1.3976, 0.726 0.5302 1.3976, 0.7227 0.5289 1.3976, 0.7157 0.5112 1.3976, 0.7172 0.508 1.3976, 0.7194 0.5053 1.3976, 0.7297 0.5011 1.3976, 0.7163 0.522 1.3976, 0.7152 0.5185 1.3976, 0.715 0.5148 1.3976, 0.7223 0.5031 1.3976, 0.7257 0.5016 1.3976, 0.7397 0.5049 1.3976, 0.7418 0.5073 1.3976, 0.7435 0.5105 1.3976, 0.7444 0.5142 1.3976, 0.7444 0.5176 1.3976, 0.7436 0.5211 1.3976, 0.7419 0.5243 1.3976, 0.7395 0.527 1.3976, 0.7364 0.5291 1.3976, 0.7087 0.3543 1.2992, 0.7087 -0.3543 1.2992, 0.7087 0.3543 1.3976, 0.7087 -0.3543 1.3976, -0.0304 -0.3543 1.3976, -0.7087 -0.3543 1.2992, -0.7087 -0.3543 1.3976, -0.7087 0.3543 1.2992, -0.7087 0.3543 1.3976, -0.0304 0.3543 1.3976
            ]
        }
        coordIndex [
            0,1,2,-1,3,4,5,-1,6,7,0,-1,0,7,8,-1,0,8,1,-1,9,10,2,-1,2,10,11,-1,6,0,5,-1,5,0,12,-1,5,12,3,-1,13,14,2,-1,2,14,15,-1,2,15,9,-1,11,16,2,-1,2,16,17,-1,2,17,0,-1,4,18,5,-1,5,18,19,-1,5,19,20,-1,20,21,5,-1,5,21,22,-1,5,22,23,-1,23,24,5,-1,5,24,25,-1,5,25,26,-1,27,28,29,-1,29,28,30,-1,30,28,31,-1,31,28,32,-1,31,32,33,-1,32,34,33,-1,33,34,35,-1,35,34,36,-1,36,34,27,-1,36,27,29,-1,
        ]
    }
}
Shape{
    appearance Appearance {
        material  Material 	{
            diffuseColor 0.25098039215686274 0.25098039215686274 0.25098039215686274
            specularColor 0.12549019607843137 0.12549019607843137 0.12549019607843137
            ambientIntensity 0.251
            transparency 0.0
            shininess 0.5
        }
    }
    geometry IndexedFaceSet {
        ccw TRUE
        solid FALSE
        coord DEF co Coordinate {
            point [
                1.1457 0.5709 0.2362, 1.1457 0.7087 0.2362, 1.5551 0.5709 0.2362, 1.6929 0.7087 0.2362, 1.5551 -0.5709 0.2362, 1.6929 -0.7087 0.2362, 1.1457 -0.5709 0.2362, 1.1457 -0.7087 0.2362, 0.8228 0.5709 0.2362, 0.1614 0.5709 0.2362, 0.8228 0.7087 0.2362, 0.1614 0.7087 0.2362, -1.1457 -0.5709 0.2362, -1.1457 -0.7087 0.2362, -1.5551 -0.5709 0.2362, -1.6929 -0.7087 0.2362, -1.5551 0.5709 0.2362, -1.6929 0.7087 0.2362, -1.1457 0.5709 0.2362, -1.1457 0.7087 0.2362, -0.8228 0.7087 0.2362, -0.1614 0.7087 0.2362, -0.8228 0.5709 0.2362, -0.1614 0.5709 0.2362, 1.6929 -0.7087 1.0039, 1.7913 -0.7087 1.0039, 1.7913 -0.7087 1.1614, -1.4764 -0.7087 1.2992, -1.7913 -0.7087 1.0039, -1.6929 -0.7087 1.0039, -1.7913 -0.7087 1.1614, -1.4764 -0.7087 1.3976, -1.6812 -0.7087 1.3976, 0.1614 -0.7087 0.2362, 0.8228 -0.7087 0.2362, 0.1614 -0.7087 0.3189, 0.8228 -0.7087 0.3189, 1.6812 -0.7087 1.3976, 1.4764 -0.7087 1.3976, 1.4764 -0.7087 1.2992, 1.1457 -0.7087 0.3189, -0.8228 -0.7087 0.2362, -0.1614 -0.7087 0.2362, -0.8228 -0.7087 0.3189, -0.1614 -0.7087 0.3189, -1.1457 -0.7087 0.3189, -1.6929 0.7087 1.0039, -1.7913 0.7087 1.0039, -1.7913 0.7087 1.1614, 1.4764 0.7087 1.2992, 1.7913 0.7087 1.0039, 1.6929 0.7087 1.0039, 1.7913 0.7087 1.1614, 1.4764 0.7087 1.3976, 1.6812 0.7087 1.3976, 0.8228 0.7087 0.3189, 0.1614 0.7087 0.3189, 1.1457 0.7087 0.3189, -1.4764 0.7087 1.2992, -0.1614 0.7087 0.3189, -0.8228 0.7087 0.3189, -1.6812 0.7087 1.3976, -1.4764 0.7087 1.3976, -1.1457 0.7087 0.3189, 0.1614 -0.5709 0.2362, 0.8228 -0.5709 0.2362, -0.1614 -0.5709 0.2362, -0.8228 -0.5709 0.2362, -1.6929 -0.4331 1.0039, -1.6929 0.315 1.0039, -1.6929 0.315 1.2992, -1.6929 -0.4331 1.2992, 1.6929 0.315 1.0039, 1.6929 -0.4331 1.0039, 1.6929 -0.4331 1.2992, 1.6929 0.315 1.2992, 1.4764 0.315 1.2992, 1.4764 -0.4331 1.2992, -0.6699 -0.3212 1.2992, -1.4764 0.315 1.2992, -0.6659 -0.3307 1.2992, -0.6597 -0.3389 1.2992, -0.6659 0.3307 1.2992, -0.6597 0.3389 1.2992, -0.6515 0.3451 1.2992, -0.642 0.3491 1.2992, -0.061 0.3451 1.2992, -0.0528 0.3389 1.2992, -0.642 -0.3491 1.2992, -0.6515 -0.3451 1.2992, -1.4764 -0.4331 1.2992, -0.0466 -0.3307 1.2992, -0.0528 -0.3389 1.2992, -0.061 -0.3451 1.2992, -0.0705 -0.3491 1.2992, -0.0806 -0.3504 1.2992, -0.6318 -0.3504 1.2992, -0.6712 -0.311 1.2992, -0.6712 0.311 1.2992, -0.6699 0.3212 1.2992, -0.6318 0.3504 1.2992, -0.0806 0.3504 1.2992, -0.0705 0.3491 1.2992, -0.0466 0.3307 1.2992, -0.0426 0.3212 1.2992, -0.0413 0.311 1.2992, -0.0413 -0.311 1.2992, -0.0426 -0.3212 1.2992, 1.7913 0.315 1.1614, 1.7913 0.315 1.0039, 1.7913 -0.4331 1.1614, 1.7913 -0.4331 1.0039, -1.7913 -0.4331 1.1614, -1.7913 -0.4331 1.0039, -1.6812 0.315 1.3976, -1.4764 0.315 1.3976, 1.6812 0.315 1.3976, 1.4764 0.315 1.3976, 1.6812 -0.4331 1.3976, 1.4764 -0.4331 1.3976, -1.7913 0.315 1.1614, -1.7913 0.315 1.0039, -1.6812 -0.4331 1.3976, -1.4764 -0.4331 1.3976, -0.6712 -0.311 2.2441, -0.6712 0.311 2.2441, -0.0806 -0.3504 2.2441, -0.6318 -0.3504 2.2441, -0.0413 0.311 2.2441, -0.0413 -0.311 2.2441, -0.0806 0.3504 2.2441, -0.6318 0.3504 2.2441, -0.6318 0.311 2.2835, -0.6318 -0.311 2.2835, -0.0806 0.311 2.2835, -0.0806 -0.311 2.2835, 1.5551 -0.5709 0.0394, -1.1024 -0.5709 0.228, -1.5551 -0.5709 0.0394, -0.8661 -0.5709 0.228, -0.1181 -0.5709 0.228, 0.1181 -0.5709 0.228, -1.1457 -0.5709 0.3189, -1.1024 -0.5709 0.3067, -0.8228 -0.5709 0.3189, -0.8661 -0.5709 0.3067, -0.1614 -0.5709 0.3189, -0.1181 -0.5709 0.3067, 0.1614 -0.5709 0.3189, 0.1181 -0.5709 0.3067, 0.8661 -0.5709 0.228, 0.8228 -0.5709 0.3189, 0.8661 -0.5709 0.3067, 1.1457 -0.5709 0.3189, 1.1024 -0.5709 0.3067, 1.1024 -0.5709 0.228, -1.5551 0.5709 0.0394, 1.1024 0.5709 0.228, 1.5551 0.5709 0.0394, 0.8661 0.5709 0.228, -0.8661 0.5709 0.228, -1.1024 0.5709 0.228, -1.1024 0.5709 0.3067, -1.1457 0.5709 0.3189, -0.8661 0.5709 0.3067, -0.8228 0.5709 0.3189, -0.1181 0.5709 0.3067, -0.1614 0.5709 0.3189, 0.1614 0.5709 0.3189, -0.1181 0.5709 0.228, 0.1181 0.5709 0.228, 1.1457 0.5709 0.3189, 1.1024 0.5709 0.3067, 0.8228 0.5709 0.3189, 0.8661 0.5709 0.3067, 0.1181 0.5709 0.3067
            ]
        }
        coordIndex [
            0,1,2,-1,2,1,3,-1,2,3,4,-1,4,3,5,-1,4,5,6,-1,6,5,7,-1,8,9,10,-1,10,9,11,-1,12,13,14,-1,14,13,15,-1,14,15,16,-1,16,15,17,-1,16,17,18,-1,18,17,19,-1,20,21,22,-1,22,21,23,-1,24,25,26,-1,27,28,29,-1,28,27,30,-1,30,27,31,-1,30,31,32,-1,33,34,35,-1,35,34,36,-1,37,38,26,-1,26,38,39,-1,40,7,5,-1,5,24,40,-1,40,24,26,-1,40,26,36,-1,36,26,39,-1,36,39,35,-1,41,42,43,-1,43,42,44,-1,15,13,29,-1,29,13,45,-1,29,45,27,-1,27,45,43,-1,27,43,39,-1,39,43,44,-1,39,44,35,-1,46,47,48,-1,49,50,51,-1,50,49,52,-1,52,49,53,-1,52,53,54,-1,10,11,55,-1,55,11,56,-1,3,1,51,-1,51,1,57,-1,51,57,49,-1,49,57,55,-1,49,55,58,-1,58,55,56,-1,21,20,59,-1,59,20,60,-1,61,62,48,-1,48,62,58,-1,63,19,17,-1,56,59,58,-1,58,59,60,-1,58,60,48,-1,48,60,63,-1,48,63,46,-1,46,63,17,-1,64,65,33,-1,33,65,34,-1,42,41,66,-1,66,41,67,-1,15,29,17,-1,17,29,68,-1,46,17,69,-1,69,17,68,-1,69,68,70,-1,70,68,71,-1,3,51,5,-1,5,51,72,-1,24,5,73,-1,73,5,72,-1,73,72,74,-1,74,72,75,-1,75,76,74,-1,74,76,77,-1,78,79,80,-1,80,79,81,-1,82,83,58,-1,58,83,84,-1,58,84,85,-1,86,87,49,-1,88,89,90,-1,90,89,81,-1,39,91,92,-1,92,93,39,-1,39,93,94,-1,39,94,27,-1,27,94,95,-1,27,95,90,-1,90,95,96,-1,90,96,88,-1,78,97,79,-1,79,97,98,-1,79,98,58,-1,58,98,99,-1,58,99,82,-1,81,79,90,-1,90,79,70,-1,90,70,71,-1,85,100,58,-1,58,100,101,-1,58,101,49,-1,49,101,102,-1,49,102,86,-1,87,103,49,-1,49,103,104,-1,49,104,76,-1,76,104,105,-1,76,105,77,-1,77,105,106,-1,77,106,39,-1,39,106,107,-1,39,107,91,-1,108,109,52,-1,52,109,50,-1,26,25,110,-1,110,25,111,-1,112,113,30,-1,30,113,28,-1,114,115,61,-1,61,115,62,-1,54,53,116,-1,116,53,117,-1,118,119,37,-1,37,119,38,-1,48,47,120,-1,120,47,121,-1,32,31,122,-1,122,31,123,-1,70,79,115,-1,121,69,120,-1,120,69,70,-1,120,70,114,-1,114,70,115,-1,79,58,115,-1,115,58,62,-1,49,76,53,-1,53,76,117,-1,75,72,109,-1,117,76,116,-1,116,76,75,-1,116,75,108,-1,108,75,109,-1,74,77,119,-1,111,73,110,-1,110,73,74,-1,110,74,118,-1,118,74,119,-1,77,39,119,-1,119,39,38,-1,27,90,31,-1,31,90,123,-1,71,68,113,-1,123,90,122,-1,122,90,71,-1,122,71,112,-1,112,71,113,-1,68,29,113,-1,113,29,28,-1,46,69,47,-1,47,69,121,-1,72,51,109,-1,109,51,50,-1,24,73,25,-1,25,73,111,-1,30,32,112,-1,112,32,122,-1,120,114,48,-1,48,114,61,-1,52,54,108,-1,108,54,116,-1,110,118,26,-1,26,118,37,-1,124,125,97,-1,97,125,98,-1,126,127,95,-1,95,127,96,-1,128,129,105,-1,105,129,106,-1,101,100,130,-1,130,100,131,-1,132,133,134,-1,134,133,135,-1,136,4,6,-1,137,138,139,-1,139,138,136,-1,139,136,140,-1,140,136,141,-1,14,138,12,-1,12,138,137,-1,12,137,142,-1,142,137,143,-1,142,143,144,-1,144,143,145,-1,144,145,67,-1,67,145,139,-1,67,139,66,-1,66,139,140,-1,66,140,146,-1,146,140,147,-1,146,147,148,-1,148,147,149,-1,148,149,64,-1,64,149,141,-1,64,141,65,-1,65,141,150,-1,65,150,151,-1,151,150,152,-1,151,152,153,-1,153,152,154,-1,153,154,6,-1,6,154,155,-1,6,155,136,-1,136,155,150,-1,136,150,141,-1,14,16,138,-1,138,16,156,-1,156,16,18,-1,157,158,159,-1,159,158,156,-1,160,156,161,-1,161,156,18,-1,161,18,162,-1,162,18,163,-1,162,163,164,-1,164,163,165,-1,164,165,160,-1,160,165,22,-1,160,22,156,-1,156,22,23,-1,166,167,168,-1,167,166,23,-1,23,166,169,-1,23,169,156,-1,156,169,170,-1,156,170,159,-1,2,158,0,-1,0,158,157,-1,0,157,171,-1,171,157,172,-1,171,172,173,-1,173,172,174,-1,173,174,8,-1,8,174,159,-1,8,159,9,-1,9,159,170,-1,9,170,168,-1,168,170,175,-1,168,175,166,-1,2,4,158,-1,158,4,136,-1,156,158,138,-1,138,158,136,-1,43,144,41,-1,41,144,67,-1,142,45,12,-1,12,45,13,-1,142,144,45,-1,45,144,43,-1,40,153,7,-1,7,153,6,-1,151,36,65,-1,65,36,34,-1,36,151,40,-1,40,151,153,-1,168,56,9,-1,9,56,11,-1,59,167,21,-1,21,167,23,-1,167,59,168,-1,168,59,56,-1,35,148,33,-1,33,148,64,-1,146,44,66,-1,66,44,42,-1,44,146,35,-1,35,146,148,-1,63,163,19,-1,19,163,18,-1,165,60,22,-1,22,60,20,-1,165,163,60,-1,60,163,63,-1,171,57,0,-1,0,57,1,-1,55,173,10,-1,10,173,8,-1,173,55,171,-1,171,55,57,-1,
        ]
    }
}
Shape{
    appearance Appearance {
        material  Material 	{
            diffuseColor 0.7529411764705882 0.7529411764705882 0.7529411764705882
            specularColor 0.3764705882352941 0.3764705882352941 0.3764705882352941
            ambientIntensity 0.7529
            transparency 0.0
            shininess 0.5
        }
    }
    geometry IndexedFaceSet {
        ccw TRUE
        solid FALSE
        coord DEF co Coordinate {
            point [
                -0.8661 -0.7087 0.228, -1.1024 -0.7087 0.228, -0.8661 -0.5709 0.228, -1.1024 -0.5709 0.228, -1.1024 -0.5709 0.3067, -1.1024 -0.7087 0.3067, -0.8661 -0.5709 0.3067, -0.8661 -0.7087 0.3067, -0.8661 -0.7184 0.2268, -0.8661 -0.7379 0.3031, -0.8661 -0.7275 0.2232, -0.8661 -0.7653 0.2923, -0.8661 -0.7355 0.2174, -0.8661 -0.7892 0.275, -0.8661 -0.9347 0.0317, -0.8661 -0.9884 0.0893, -0.8661 -0.9586 0.0145, -0.8661 -0.9964 0.0836, -0.8661 -0.986 0.0037, -0.8661 -1.0055 0.08, -0.8661 -1.0153 0.0, -0.8661 -1.0153 0.0787, -0.8661 -1.4567 0.0, -0.8661 -1.4567 0.0787, -1.1024 -1.4567 0.0, -1.1024 -1.4567 0.0787, -1.1024 -1.0153 0.0, -1.1024 -1.0153 0.0787, -1.1024 -0.986 0.0037, -1.1024 -1.0055 0.08, -1.1024 -0.9586 0.0145, -1.1024 -0.9964 0.0836, -1.1024 -0.9347 0.0317, -1.1024 -0.9884 0.0893, -1.1024 -0.7355 0.2174, -1.1024 -0.7892 0.275, -1.1024 -0.7275 0.2232, -1.1024 -0.7653 0.2923, -1.1024 -0.7184 0.2268, -1.1024 -0.7379 0.3031, 0.1181 -0.7087 0.228, -0.1181 -0.7087 0.228, 0.1181 -0.5709 0.228, -0.1181 -0.5709 0.228, -0.1181 -0.5709 0.3067, -0.1181 -0.7087 0.3067, 0.1181 -0.5709 0.3067, 0.1181 -0.7087 0.3067, 0.1181 -0.7184 0.2268, 0.1181 -0.7291 0.3049, 0.1181 -0.7275 0.2232, 0.1181 -0.7489 0.2996, 0.1181 -0.7355 0.2174, 0.1181 -0.7489 0.2049, -0.1181 -0.7355 0.2174, -0.1181 -0.7489 0.2049, -0.1181 -0.7489 0.2996, -0.1181 -0.7291 0.3049, -0.1181 -0.7184 0.2268, -0.1181 -0.7275 0.2232, 1.1024 -0.7087 0.228, 0.8661 -0.7087 0.228, 1.1024 -0.5709 0.228, 0.8661 -0.5709 0.228, 0.8661 -0.5709 0.3067, 0.8661 -0.7087 0.3067, 1.1024 -0.5709 0.3067, 1.1024 -0.7087 0.3067, 1.1024 -0.7184 0.2268, 1.1024 -0.7379 0.3031, 1.1024 -0.7275 0.2232, 1.1024 -0.7653 0.2923, 1.1024 -0.7355 0.2174, 1.1024 -0.7892 0.275, 1.1024 -0.9347 0.0317, 1.1024 -0.9884 0.0893, 1.1024 -0.9586 0.0145, 1.1024 -0.9964 0.0836, 1.1024 -0.986 0.0037, 1.1024 -1.0055 0.08, 1.1024 -1.0153 0.0, 1.1024 -1.0153 0.0787, 1.1024 -1.4567 0.0, 1.1024 -1.4567 0.0787, 0.8661 -0.7379 0.3031, 0.8661 -0.7184 0.2268, 0.8661 -0.7653 0.2923, 0.8661 -0.7275 0.2232, 0.8661 -0.7892 0.275, 0.8661 -0.7355 0.2174, 0.8661 -0.9884 0.0893, 0.8661 -0.9347 0.0317, 0.8661 -0.9964 0.0836, 0.8661 -0.9586 0.0145, 0.8661 -1.0055 0.08, 0.8661 -0.986 0.0037, 0.8661 -1.0153 0.0787, 0.8661 -1.0153 0.0, 0.8661 -1.4567 0.0787, 0.8661 -1.4567 0.0
            ]
        }
        coordIndex [
            0,1,2,-1,2,1,3,-1,4,5,6,-1,6,5,7,-1,2,6,0,-1,0,6,7,-1,0,7,8,-1,8,7,9,-1,8,9,10,-1,10,9,11,-1,10,11,12,-1,12,11,13,-1,12,13,14,-1,14,13,15,-1,14,15,16,-1,16,15,17,-1,16,17,18,-1,18,17,19,-1,18,19,20,-1,20,19,21,-1,20,21,22,-1,22,21,23,-1,24,25,26,-1,26,25,27,-1,26,27,28,-1,28,27,29,-1,28,29,30,-1,30,29,31,-1,30,31,32,-1,32,31,33,-1,32,33,34,-1,34,33,35,-1,34,35,36,-1,36,35,37,-1,36,37,38,-1,38,37,39,-1,38,39,1,-1,1,39,5,-1,1,5,3,-1,3,5,4,-1,23,21,25,-1,25,21,27,-1,22,23,24,-1,24,23,25,-1,20,22,26,-1,26,22,24,-1,20,26,28,-1,20,28,18,-1,18,28,30,-1,18,30,16,-1,16,30,32,-1,16,32,14,-1,12,14,34,-1,34,14,32,-1,12,34,10,-1,10,34,36,-1,10,36,8,-1,8,36,38,-1,8,38,0,-1,0,38,1,-1,7,5,39,-1,7,39,9,-1,9,39,37,-1,9,37,11,-1,11,37,35,-1,11,35,13,-1,15,13,33,-1,33,13,35,-1,15,33,17,-1,17,33,31,-1,17,31,19,-1,19,31,29,-1,19,29,21,-1,21,29,27,-1,40,41,42,-1,42,41,43,-1,44,45,46,-1,46,45,47,-1,42,46,40,-1,40,46,47,-1,40,47,48,-1,48,47,49,-1,48,49,50,-1,50,49,51,-1,50,51,52,-1,52,51,53,-1,54,55,56,-1,44,43,45,-1,45,43,41,-1,45,41,57,-1,57,41,58,-1,57,58,56,-1,56,58,59,-1,56,59,54,-1,54,52,55,-1,55,52,53,-1,52,54,50,-1,50,54,59,-1,50,59,48,-1,48,59,58,-1,48,58,40,-1,40,58,41,-1,47,45,57,-1,47,57,49,-1,49,57,56,-1,49,56,51,-1,60,61,62,-1,62,61,63,-1,64,65,66,-1,66,65,67,-1,62,66,60,-1,60,66,67,-1,60,67,68,-1,68,67,69,-1,68,69,70,-1,70,69,71,-1,70,71,72,-1,72,71,73,-1,72,73,74,-1,74,73,75,-1,74,75,76,-1,76,75,77,-1,76,77,78,-1,78,77,79,-1,78,79,80,-1,80,79,81,-1,80,81,82,-1,82,81,83,-1,64,63,65,-1,65,63,61,-1,65,61,84,-1,84,61,85,-1,84,85,86,-1,86,85,87,-1,86,87,88,-1,88,87,89,-1,88,89,90,-1,90,89,91,-1,90,91,92,-1,92,91,93,-1,92,93,94,-1,94,93,95,-1,94,95,96,-1,96,95,97,-1,96,97,98,-1,98,97,99,-1,83,81,98,-1,98,81,96,-1,82,83,99,-1,99,83,98,-1,80,82,97,-1,97,82,99,-1,80,97,95,-1,80,95,78,-1,78,95,93,-1,78,93,76,-1,76,93,91,-1,76,91,74,-1,72,74,89,-1,89,74,91,-1,72,89,70,-1,70,89,87,-1,70,87,68,-1,68,87,85,-1,68,85,60,-1,60,85,61,-1,67,65,84,-1,67,84,69,-1,69,84,86,-1,69,86,71,-1,71,86,88,-1,71,88,73,-1,75,73,90,-1,90,73,88,-1,75,90,77,-1,77,90,92,-1,77,92,79,-1,79,92,94,-1,79,94,81,-1,81,94,96,-1,
        ]
    }
}
Shape{
    appearance Appearance {
        material  Material 	{
            diffuseColor 0.25098039215686274 0.25098039215686274 0.25098039215686274
            specularColor 0.12549019607843137 0.12549019607843137 0.12549019607843137
            ambientIntensity 0.251
            transparency 0.0
            shininess 0.5
        }
    }
    geometry IndexedFaceSet {
        ccw TRUE
        solid FALSE
        coord DEF co Coordinate {
            point [
                -0.0806 -0.3504 2.2441, -0.0806 -0.3504 1.2992, -0.0705 -0.3491 1.2992, -0.0705 -0.3491 2.2441, -0.061 -0.3451 1.2992, -0.061 -0.3451 2.2441, -0.0528 -0.3389 1.2992, -0.0528 -0.3389 2.2441, -0.0466 -0.3307 1.2992, -0.0466 -0.3307 2.2441, -0.0426 -0.3212 1.2992, -0.0426 -0.3212 2.2441, -0.0413 -0.311 1.2992, -0.0413 -0.311 2.2441, -0.0806 -0.311 2.2835, -0.6318 -0.311 2.2835, -0.6318 -0.3212 2.2821, -0.0806 -0.3212 2.2821, -0.6318 -0.3307 2.2782, -0.0806 -0.3307 2.2782, -0.6318 -0.3389 2.2719, -0.0806 -0.3389 2.2719, -0.6318 -0.3451 2.2638, -0.0806 -0.3451 2.2638, -0.6318 -0.3491 2.2543, -0.0806 -0.3491 2.2543, -0.6318 -0.3504 2.2441, -0.6712 -0.311 2.2441, -0.6712 -0.311 1.2992, -0.6699 -0.3212 1.2992, -0.6699 -0.3212 2.2441, -0.6659 -0.3307 1.2992, -0.6659 -0.3307 2.2441, -0.6597 -0.3389 1.2992, -0.6597 -0.3389 2.2441, -0.6515 -0.3451 1.2992, -0.6515 -0.3451 2.2441, -0.642 -0.3491 1.2992, -0.642 -0.3491 2.2441, -0.6318 -0.3504 1.2992, -0.0426 -0.311 2.2543, -0.0439 -0.3209 2.2543, -0.0636 -0.3209 2.2782, -0.0718 -0.3161 2.2821, -0.0734 -0.3182 2.2821, -0.078 -0.3209 2.2821, -0.0708 -0.3137 2.2821, -0.0616 -0.3161 2.2782, -0.0538 -0.3182 2.2719, -0.0705 -0.311 2.2821, -0.0667 -0.3249 2.2782, -0.0756 -0.3198 2.2821, -0.0708 -0.3281 2.2782, -0.0756 -0.33 2.2782, -0.061 -0.311 2.2782, -0.0528 -0.311 2.2719, -0.0466 -0.311 2.2638, -0.0565 -0.3249 2.2719, -0.061 -0.3307 2.2719, -0.0667 -0.3351 2.2719, -0.0734 -0.3379 2.2719, -0.0477 -0.3198 2.2638, -0.0511 -0.3281 2.2638, -0.0565 -0.3351 2.2638, -0.0636 -0.3406 2.2638, -0.0718 -0.344 2.2638, -0.0477 -0.33 2.2543, -0.0538 -0.3379 2.2543, -0.0616 -0.344 2.2543, -0.0708 -0.3478 2.2543, -0.6417 -0.3478 2.2543, -0.6417 -0.3281 2.2782, -0.6369 -0.3198 2.2821, -0.639 -0.3182 2.2821, -0.642 -0.311 2.2821, -0.6417 -0.3137 2.2821, -0.6345 -0.3209 2.2821, -0.6369 -0.33 2.2782, -0.639 -0.3379 2.2719, -0.6457 -0.3249 2.2782, -0.6407 -0.3161 2.2821, -0.6489 -0.3209 2.2782, -0.6508 -0.3161 2.2782, -0.6515 -0.311 2.2782, -0.6457 -0.3351 2.2719, -0.6515 -0.3307 2.2719, -0.6559 -0.3249 2.2719, -0.6587 -0.3182 2.2719, -0.6597 -0.311 2.2719, -0.6407 -0.344 2.2638, -0.6489 -0.3406 2.2638, -0.6559 -0.3351 2.2638, -0.6614 -0.3281 2.2638, -0.6648 -0.3198 2.2638, -0.6659 -0.311 2.2638, -0.6508 -0.344 2.2543, -0.6587 -0.3379 2.2543, -0.6648 -0.33 2.2543, -0.6686 -0.3209 2.2543, -0.6699 -0.311 2.2543, -0.0413 0.311 2.2441, -0.0413 0.311 1.2992, -0.0426 0.3212 1.2992, -0.0426 0.3212 2.2441, -0.0466 0.3307 1.2992, -0.0466 0.3307 2.2441, -0.0528 0.3389 1.2992, -0.0528 0.3389 2.2441, -0.061 0.3451 1.2992, -0.061 0.3451 2.2441, -0.0705 0.3491 1.2992, -0.0705 0.3491 2.2441, -0.0806 0.3504 1.2992, -0.0806 0.3504 2.2441, -0.0806 0.311 2.2835, -0.0705 0.311 2.2821, -0.061 0.311 2.2782, -0.0528 0.311 2.2719, -0.0466 0.311 2.2638, -0.0426 0.311 2.2543, -0.6318 0.311 2.2835, -0.642 0.311 2.2821, -0.6515 0.311 2.2782, -0.6597 0.311 2.2719, -0.6659 0.311 2.2638, -0.6699 0.311 2.2543, -0.6712 0.311 2.2441, -0.6318 0.3504 2.2441, -0.6318 0.3504 1.2992, -0.642 0.3491 1.2992, -0.642 0.3491 2.2441, -0.6515 0.3451 1.2992, -0.6515 0.3451 2.2441, -0.6597 0.3389 1.2992, -0.6597 0.3389 2.2441, -0.6659 0.3307 1.2992, -0.6659 0.3307 2.2441, -0.6699 0.3212 1.2992, -0.6699 0.3212 2.2441, -0.6712 0.311 1.2992, -0.0806 0.3491 2.2543, -0.0708 0.3478 2.2543, -0.0708 0.3281 2.2782, -0.0756 0.3198 2.2821, -0.0734 0.3182 2.2821, -0.0708 0.3137 2.2821, -0.078 0.3209 2.2821, -0.0756 0.33 2.2782, -0.0734 0.3379 2.2719, -0.0806 0.3212 2.2821, -0.0667 0.3249 2.2782, -0.0718 0.3161 2.2821, -0.0636 0.3209 2.2782, -0.0616 0.3161 2.2782, -0.0806 0.3307 2.2782, -0.0806 0.3389 2.2719, -0.0806 0.3451 2.2638, -0.0667 0.3351 2.2719, -0.061 0.3307 2.2719, -0.0565 0.3249 2.2719, -0.0538 0.3182 2.2719, -0.0718 0.344 2.2638, -0.0636 0.3406 2.2638, -0.0565 0.3351 2.2638, -0.0511 0.3281 2.2638, -0.0477 0.3198 2.2638, -0.0616 0.344 2.2543, -0.0538 0.3379 2.2543, -0.0477 0.33 2.2543, -0.0439 0.3209 2.2543, -0.6686 0.3209 2.2543, -0.6489 0.3209 2.2782, -0.6407 0.3161 2.2821, -0.639 0.3182 2.2821, -0.6318 0.3212 2.2821, -0.6345 0.3209 2.2821, -0.6417 0.3137 2.2821, -0.6508 0.3161 2.2782, -0.6587 0.3182 2.2719, -0.6457 0.3249 2.2782, -0.6369 0.3198 2.2821, -0.6417 0.3281 2.2782, -0.6369 0.33 2.2782, -0.6318 0.3307 2.2782, -0.6559 0.3249 2.2719, -0.6515 0.3307 2.2719, -0.6457 0.3351 2.2719, -0.639 0.3379 2.2719, -0.6318 0.3389 2.2719, -0.6648 0.3198 2.2638, -0.6614 0.3281 2.2638, -0.6559 0.3351 2.2638, -0.6489 0.3406 2.2638, -0.6407 0.344 2.2638, -0.6318 0.3451 2.2638, -0.6648 0.33 2.2543, -0.6587 0.3379 2.2543, -0.6508 0.344 2.2543, -0.6417 0.3478 2.2543, -0.6318 0.3491 2.2543
            ]
        }
        coordIndex [
            0,1,2,-1,0,2,3,-1,3,2,4,-1,3,4,5,-1,5,4,6,-1,5,6,7,-1,7,6,8,-1,7,8,9,-1,9,8,10,-1,9,10,11,-1,11,10,12,-1,11,12,13,-1,14,15,16,-1,14,16,17,-1,17,16,18,-1,17,18,19,-1,19,18,20,-1,19,20,21,-1,21,20,22,-1,21,22,23,-1,23,22,24,-1,23,24,25,-1,25,24,26,-1,25,26,0,-1,27,28,29,-1,27,29,30,-1,30,29,31,-1,30,31,32,-1,32,31,33,-1,32,33,34,-1,34,33,35,-1,34,35,36,-1,36,35,37,-1,36,37,38,-1,38,37,39,-1,38,39,26,-1,13,40,41,-1,42,43,44,-1,14,17,45,-1,44,43,14,-1,46,14,43,-1,46,43,47,-1,47,43,42,-1,47,42,48,-1,49,14,46,-1,50,51,52,-1,52,51,45,-1,52,45,53,-1,53,45,17,-1,53,17,19,-1,49,46,54,-1,54,46,47,-1,54,47,55,-1,55,47,48,-1,55,48,56,-1,57,50,58,-1,58,50,52,-1,58,52,59,-1,59,52,53,-1,59,53,60,-1,60,53,19,-1,60,19,21,-1,61,57,62,-1,62,57,58,-1,62,58,63,-1,63,58,59,-1,63,59,64,-1,64,59,60,-1,64,60,65,-1,65,60,21,-1,65,21,23,-1,40,61,41,-1,41,61,62,-1,41,62,66,-1,66,62,63,-1,66,63,67,-1,67,63,64,-1,67,64,68,-1,68,64,65,-1,68,65,69,-1,69,65,23,-1,69,23,25,-1,13,41,11,-1,11,41,66,-1,11,66,9,-1,9,66,67,-1,9,67,7,-1,7,67,68,-1,7,68,5,-1,5,68,69,-1,5,69,3,-1,3,69,25,-1,3,25,0,-1,51,14,45,-1,40,56,61,-1,61,56,48,-1,61,48,57,-1,57,48,42,-1,57,42,50,-1,50,42,44,-1,50,44,51,-1,51,44,14,-1,26,24,70,-1,71,72,73,-1,15,74,75,-1,73,72,15,-1,76,15,72,-1,76,72,77,-1,77,72,71,-1,77,71,78,-1,16,15,76,-1,79,80,81,-1,81,80,75,-1,81,75,82,-1,82,75,74,-1,82,74,83,-1,16,76,18,-1,18,76,77,-1,18,77,20,-1,20,77,78,-1,20,78,22,-1,84,79,85,-1,85,79,81,-1,85,81,86,-1,86,81,82,-1,86,82,87,-1,87,82,83,-1,87,83,88,-1,89,84,90,-1,90,84,85,-1,90,85,91,-1,91,85,86,-1,91,86,92,-1,92,86,87,-1,92,87,93,-1,93,87,88,-1,93,88,94,-1,24,89,70,-1,70,89,90,-1,70,90,95,-1,95,90,91,-1,95,91,96,-1,96,91,92,-1,96,92,97,-1,97,92,93,-1,97,93,98,-1,98,93,94,-1,98,94,99,-1,26,70,38,-1,38,70,95,-1,38,95,36,-1,36,95,96,-1,36,96,34,-1,34,96,97,-1,34,97,32,-1,32,97,98,-1,32,98,30,-1,30,98,99,-1,30,99,27,-1,80,15,75,-1,24,22,89,-1,89,22,78,-1,89,78,84,-1,84,78,71,-1,84,71,79,-1,79,71,73,-1,79,73,80,-1,80,73,15,-1,100,101,102,-1,100,102,103,-1,103,102,104,-1,103,104,105,-1,105,104,106,-1,105,106,107,-1,107,106,108,-1,107,108,109,-1,109,108,110,-1,109,110,111,-1,111,110,112,-1,111,112,113,-1,114,14,49,-1,114,49,115,-1,115,49,54,-1,115,54,116,-1,116,54,55,-1,116,55,117,-1,117,55,56,-1,117,56,118,-1,118,56,40,-1,118,40,119,-1,119,40,13,-1,119,13,100,-1,15,120,121,-1,15,121,74,-1,74,121,122,-1,74,122,83,-1,83,122,123,-1,83,123,88,-1,88,123,124,-1,88,124,94,-1,94,124,125,-1,94,125,99,-1,99,125,126,-1,99,126,27,-1,127,128,129,-1,127,129,130,-1,130,129,131,-1,130,131,132,-1,132,131,133,-1,132,133,134,-1,134,133,135,-1,134,135,136,-1,136,135,137,-1,136,137,138,-1,138,137,139,-1,138,139,126,-1,113,140,141,-1,142,143,144,-1,114,115,145,-1,144,143,114,-1,146,114,143,-1,146,143,147,-1,147,143,142,-1,147,142,148,-1,149,114,146,-1,150,151,152,-1,152,151,145,-1,152,145,153,-1,153,145,115,-1,153,115,116,-1,149,146,154,-1,154,146,147,-1,154,147,155,-1,155,147,148,-1,155,148,156,-1,157,150,158,-1,158,150,152,-1,158,152,159,-1,159,152,153,-1,159,153,160,-1,160,153,116,-1,160,116,117,-1,161,157,162,-1,162,157,158,-1,162,158,163,-1,163,158,159,-1,163,159,164,-1,164,159,160,-1,164,160,165,-1,165,160,117,-1,165,117,118,-1,140,161,141,-1,141,161,162,-1,141,162,166,-1,166,162,163,-1,166,163,167,-1,167,163,164,-1,167,164,168,-1,168,164,165,-1,168,165,169,-1,169,165,118,-1,169,118,119,-1,113,141,111,-1,111,141,166,-1,111,166,109,-1,109,166,167,-1,109,167,107,-1,107,167,168,-1,107,168,105,-1,105,168,169,-1,105,169,103,-1,103,169,119,-1,103,119,100,-1,151,114,145,-1,140,156,161,-1,161,156,148,-1,161,148,157,-1,157,148,142,-1,157,142,150,-1,150,142,144,-1,150,144,151,-1,151,144,114,-1,126,125,170,-1,171,172,173,-1,120,174,175,-1,173,172,120,-1,176,120,172,-1,176,172,177,-1,177,172,171,-1,177,171,178,-1,121,120,176,-1,179,180,181,-1,181,180,175,-1,181,175,182,-1,182,175,174,-1,182,174,183,-1,121,176,122,-1,122,176,177,-1,122,177,123,-1,123,177,178,-1,123,178,124,-1,184,179,185,-1,185,179,181,-1,185,181,186,-1,186,181,182,-1,186,182,187,-1,187,182,183,-1,187,183,188,-1,189,184,190,-1,190,184,185,-1,190,185,191,-1,191,185,186,-1,191,186,192,-1,192,186,187,-1,192,187,193,-1,193,187,188,-1,193,188,194,-1,125,189,170,-1,170,189,190,-1,170,190,195,-1,195,190,191,-1,195,191,196,-1,196,191,192,-1,196,192,197,-1,197,192,193,-1,197,193,198,-1,198,193,194,-1,198,194,199,-1,126,170,138,-1,138,170,195,-1,138,195,136,-1,136,195,196,-1,136,196,134,-1,134,196,197,-1,134,197,132,-1,132,197,198,-1,132,198,130,-1,130,198,199,-1,130,199,127,-1,180,120,175,-1,125,124,189,-1,189,124,178,-1,189,178,184,-1,184,178,171,-1,184,171,179,-1,179,171,173,-1,179,173,180,-1,180,173,120,-1,120,114,149,-1,120,149,174,-1,174,149,154,-1,174,154,183,-1,183,154,155,-1,183,155,188,-1,188,155,156,-1,188,156,194,-1,194,156,140,-1,194,140,199,-1,199,140,113,-1,199,113,127,-1,
        ]
    }
}
Shape{
    appearance Appearance {
        material  Material 	{
            diffuseColor 0.7529411764705882 0.7529411764705882 0.7529411764705882
            specularColor 0.3764705882352941 0.3764705882352941 0.3764705882352941
            ambientIntensity 0.7529
            transparency 0.0
            shininess 0.5
        }
    }
    geometry IndexedFaceSet {
        ccw TRUE
        solid FALSE
        coord DEF co Coordinate {
            point [
                -0.8661 0.7489 0.2996, -1.1024 0.7489 0.2996, -1.1024 0.7291 0.3049, -0.8661 0.7291 0.3049, -1.1024 0.7087 0.3067, -0.8661 0.7087 0.3067, -0.8661 0.5709 0.3067, -1.1024 0.5709 0.3067, -1.1024 0.7087 0.228, -0.8661 0.7087 0.228, -1.1024 0.5709 0.228, -0.8661 0.5709 0.228, -0.8661 0.7184 0.2268, -1.1024 0.7184 0.2268, -0.8661 0.7275 0.2232, -1.1024 0.7275 0.2232, -0.8661 0.7355 0.2174, -1.1024 0.7355 0.2174, -0.8661 0.7489 0.2049, -1.1024 0.7489 0.2049, 0.1181 1.0153 0.0787, 0.1181 1.4567 0.0787, -0.1181 1.0153 0.0787, -0.1181 1.4567 0.0787, 0.1181 1.0055 0.08, -0.1181 1.0055 0.08, 0.1181 0.9964 0.0836, -0.1181 0.9964 0.0836, 0.1181 0.9884 0.0893, -0.1181 0.9884 0.0893, 0.1181 0.7892 0.275, -0.1181 0.7892 0.275, -0.1181 0.7653 0.2923, 0.1181 0.7653 0.2923, -0.1181 0.7379 0.3031, 0.1181 0.7379 0.3031, -0.1181 0.7087 0.3067, 0.1181 0.7087 0.3067, 0.1181 0.5709 0.3067, -0.1181 0.5709 0.3067, -0.1181 0.7087 0.228, 0.1181 0.7087 0.228, -0.1181 0.5709 0.228, 0.1181 0.5709 0.228, 0.1181 0.7184 0.2268, -0.1181 0.7184 0.2268, 0.1181 0.7275 0.2232, -0.1181 0.7275 0.2232, 0.1181 0.7355 0.2174, -0.1181 0.7355 0.2174, 0.1181 0.9347 0.0317, -0.1181 0.9347 0.0317, -0.1181 0.9586 0.0145, 0.1181 0.9586 0.0145, -0.1181 0.986 0.0037, 0.1181 0.986 0.0037, -0.1181 1.0153 0.0, 0.1181 1.0153 0.0, 0.1181 1.4567 0.0, -0.1181 1.4567 0.0, 1.1024 0.7489 0.2996, 0.8661 0.7489 0.2996, 0.8661 0.7291 0.3049, 1.1024 0.7291 0.3049, 0.8661 0.7087 0.3067, 1.1024 0.7087 0.3067, 1.1024 0.5709 0.3067, 0.8661 0.5709 0.3067, 0.8661 0.7087 0.228, 1.1024 0.7087 0.228, 0.8661 0.5709 0.228, 1.1024 0.5709 0.228, 1.1024 0.7184 0.2268, 0.8661 0.7184 0.2268, 1.1024 0.7275 0.2232, 0.8661 0.7275 0.2232, 1.1024 0.7355 0.2174, 0.8661 0.7355 0.2174, 1.1024 0.7489 0.2049, 0.8661 0.7489 0.2049
            ]
        }
        coordIndex [
            0,1,2,-1,0,2,3,-1,3,2,4,-1,3,4,5,-1,6,5,7,-1,7,5,4,-1,8,9,10,-1,10,9,11,-1,9,8,12,-1,12,8,13,-1,12,13,14,-1,14,13,15,-1,14,15,16,-1,16,15,17,-1,18,16,19,-1,19,16,17,-1,16,18,0,-1,6,11,5,-1,5,11,9,-1,5,9,3,-1,3,9,12,-1,3,12,0,-1,0,12,14,-1,0,14,16,-1,10,7,8,-1,8,7,4,-1,8,4,13,-1,13,4,2,-1,13,2,15,-1,15,2,1,-1,15,1,17,-1,17,1,19,-1,20,21,22,-1,22,21,23,-1,20,22,24,-1,24,22,25,-1,24,25,26,-1,26,25,27,-1,26,27,28,-1,28,27,29,-1,30,28,31,-1,31,28,29,-1,30,31,32,-1,30,32,33,-1,33,32,34,-1,33,34,35,-1,35,34,36,-1,35,36,37,-1,38,37,39,-1,39,37,36,-1,40,41,42,-1,42,41,43,-1,41,40,44,-1,44,40,45,-1,44,45,46,-1,46,45,47,-1,46,47,48,-1,48,47,49,-1,50,48,51,-1,51,48,49,-1,50,51,52,-1,50,52,53,-1,53,52,54,-1,53,54,55,-1,55,54,56,-1,55,56,57,-1,58,57,59,-1,59,57,56,-1,21,58,23,-1,23,58,59,-1,38,43,37,-1,37,43,41,-1,37,41,35,-1,35,41,44,-1,35,44,33,-1,33,44,46,-1,33,46,30,-1,30,46,48,-1,30,48,28,-1,28,48,50,-1,28,50,26,-1,26,50,53,-1,26,53,24,-1,24,53,55,-1,24,55,20,-1,20,55,57,-1,20,57,21,-1,21,57,58,-1,23,59,22,-1,22,59,56,-1,22,56,25,-1,25,56,54,-1,25,54,27,-1,27,54,52,-1,27,52,29,-1,29,52,51,-1,29,51,31,-1,31,51,49,-1,31,49,32,-1,32,49,47,-1,32,47,34,-1,34,47,45,-1,34,45,36,-1,36,45,40,-1,36,40,39,-1,39,40,42,-1,60,61,62,-1,60,62,63,-1,63,62,64,-1,63,64,65,-1,66,65,67,-1,67,65,64,-1,68,69,70,-1,70,69,71,-1,69,68,72,-1,72,68,73,-1,72,73,74,-1,74,73,75,-1,74,75,76,-1,76,75,77,-1,78,76,79,-1,79,76,77,-1,76,78,60,-1,66,71,65,-1,65,71,69,-1,65,69,63,-1,63,69,72,-1,63,72,60,-1,60,72,74,-1,60,74,76,-1,70,67,68,-1,68,67,64,-1,68,64,73,-1,73,64,62,-1,73,62,75,-1,75,62,61,-1,75,61,77,-1,77,61,79,-1,
        ]
    }
}
Shape{
    appearance Appearance {
        material  Material 	{
            diffuseColor 1.0 1.0 1.0
            specularColor 0.5019607843137255 0.5019607843137255 0.5019607843137255
            ambientIntensity 1.0
            transparency 0.0
            shininess 0.5
        }
    }
    geometry IndexedFaceSet {
        ccw TRUE
        solid FALSE
        coord DEF co Coordinate {
            point [
                1.1024 0.7489 0.2049, 0.8661 0.7489 0.2049, 1.1024 0.7489 0.2996, 0.8661 0.7489 0.2996, -0.8661 0.7489 0.2049, -1.1024 0.7489 0.2049, -0.8661 0.7489 0.2996, -1.1024 0.7489 0.2996, 0.1181 -0.7489 0.2996, -0.1181 -0.7489 0.2996, 0.1181 -0.7489 0.2049, -0.1181 -0.7489 0.2049
            ]
        }
        coordIndex [
            0,1,2,-1,2,1,3,-1,4,5,6,-1,6,5,7,-1,8,9,10,-1,10,9,11,-1,
        ]
    }
}
Shape{
    appearance Appearance {
        material  Material 	{
            diffuseColor 0.25098039215686274 0.25098039215686274 0.25098039215686274
            specularColor 0.12549019607843137 0.12549019607843137 0.12549019607843137
            ambientIntensity 0.251
            transparency 0.0
            shininess 0.5
        }
    }
    geometry IndexedFaceSet {
        ccw TRUE
        solid FALSE
        coord DEF co Coordinate {
            point [
                -0.5961 -0.2693 1.2598, -0.5961 0.2898 1.2598, -0.5961 -0.2693 1.2992, -0.5961 0.2898 1.2992, -0.1151 0.2898 1.2598, -0.1151 0.2898 1.2992, -0.1151 -0.2693 1.2598, -0.1151 -0.2693 1.2992
            ]
        }
        coordIndex [
            0,1,2,-1,2,1,3,-1,1,4,3,-1,3,4,5,-1,4,6,5,-1,5,6,7,-1,6,0,7,-1,7,0,2,-1,6,4,0,-1,0,4,1,-1,5,7,3,-1,3,7,2,-1,
        ]
    }
}